OT,Date,start_date,date,end_date
80173,1970-01-01,1970-01-01,1970-01-01,1970-01-31
77442,1970-02-01,1970-02-01,1970-02-01,1970-02-28
90223,1970-03-01,1970-03-01,1970-03-01,1970-03-31
89956,1970-04-01,1970-04-01,1970-04-01,1970-04-30
97972,1970-05-01,1970-05-01,1970-05-01,1970-05-31
100035,1970-06-01,1970-06-01,1970-06-01,1970-06-30
106392,1970-07-01,1970-07-01,1970-07-01,1970-07-31
106969,1970-08-01,1970-08-01,1970-08-01,1970-08-31
95254,1970-09-01,1970-09-01,1970-09-01,1970-09-30
96317,1970-10-01,1970-10-01,1970-10-01,1970-10-31
89684,1970-11-01,1970-11-01,1970-11-01,1970-11-30
89911,1970-12-01,1970-12-01,1970-12-01,1970-12-31
85336,1971-01-01,1971-01-01,1971-01-01,1971-01-31
80118,1971-02-01,1971-02-01,1971-02-01,1971-02-28
92974,1971-03-01,1971-03-01,1971-03-01,1971-03-31
98106,1971-04-01,1971-04-01,1971-04-01,1971-04-30
103655,1971-05-01,1971-05-01,1971-05-01,1971-05-31
105433,1971-06-01,1971-06-01,1971-06-01,1971-06-30
112466,1971-07-01,1971-07-01,1971-07-01,1971-07-31
112642,1971-08-01,1971-08-01,1971-08-01,1971-08-31
101290,1971-09-01,1971-09-01,1971-09-01,1971-09-30
102525,1971-10-01,1971-10-01,1971-10-01,1971-10-31
95555,1971-11-01,1971-11-01,1971-11-01,1971-11-30
95515,1971-12-01,1971-12-01,1971-12-01,1971-12-31
92465,1972-01-01,1972-01-01,1972-01-01,1972-01-31
88272,1972-02-01,1972-02-01,1972-02-01,1972-02-29
102926,1972-03-01,1972-03-01,1972-03-01,1972-03-31
103238,1972-04-01,1972-04-01,1972-04-01,1972-04-30
110945,1972-05-01,1972-05-01,1972-05-01,1972-05-31
113265,1972-06-01,1972-06-01,1972-06-01,1972-06-30
118594,1972-07-01,1972-07-01,1972-07-01,1972-07-31
119913,1972-08-01,1972-08-01,1972-08-01,1972-08-31
108072,1972-09-01,1972-09-01,1972-09-01,1972-09-30
108841,1972-10-01,1972-10-01,1972-10-01,1972-10-31
100791,1972-11-01,1972-11-01,1972-11-01,1972-11-30
101040,1972-12-01,1972-12-01,1972-12-01,1972-12-31
96664,1973-01-01,1973-01-01,1973-01-01,1973-01-31
92567,1973-02-01,1973-02-01,1973-02-01,1973-02-28
107490,1973-03-01,1973-03-01,1973-03-01,1973-03-31
108120,1973-04-01,1973-04-01,1973-04-01,1973-04-30
114819,1973-05-01,1973-05-01,1973-05-01,1973-05-31
115859,1973-06-01,1973-06-01,1973-06-01,1973-06-30
121685,1973-07-01,1973-07-01,1973-07-01,1973-07-31
124426,1973-08-01,1973-08-01,1973-08-01,1973-08-31
110332,1973-09-01,1973-09-01,1973-09-01,1973-09-30
113089,1973-10-01,1973-10-01,1973-10-01,1973-10-31
104381,1973-11-01,1973-11-01,1973-11-01,1973-11-30
98856,1973-12-01,1973-12-01,1973-12-01,1973-12-31
95030,1974-01-01,1974-01-01,1974-01-01,1974-01-31
86426,1974-02-01,1974-02-01,1974-02-01,1974-02-28
100736,1974-03-01,1974-03-01,1974-03-01,1974-03-31
104579,1974-04-01,1974-04-01,1974-04-01,1974-04-30
112167,1974-05-01,1974-05-01,1974-05-01,1974-05-31
113888,1974-06-01,1974-06-01,1974-06-01,1974-06-30
120890,1974-07-01,1974-07-01,1974-07-01,1974-07-31
124070,1974-08-01,1974-08-01,1974-08-01,1974-08-31
109125,1974-09-01,1974-09-01,1974-09-01,1974-09-30
112572,1974-10-01,1974-10-01,1974-10-01,1974-10-31
105079,1974-11-01,1974-11-01,1974-11-01,1974-11-30
105083,1974-12-01,1974-12-01,1974-12-01,1974-12-31
98342,1975-01-01,1975-01-01,1975-01-01,1975-01-31
91303,1975-02-01,1975-02-01,1975-02-01,1975-02-28
106070,1975-03-01,1975-03-01,1975-03-01,1975-03-31
107133,1975-04-01,1975-04-01,1975-04-01,1975-04-30
116659,1975-05-01,1975-05-01,1975-05-01,1975-05-31
118388,1975-06-01,1975-06-01,1975-06-01,1975-06-30
124493,1975-07-01,1975-07-01,1975-07-01,1975-07-31
126103,1975-08-01,1975-08-01,1975-08-01,1975-08-31
111399,1975-09-01,1975-09-01,1975-09-01,1975-09-30
115250,1975-10-01,1975-10-01,1975-10-01,1975-10-31
106990,1975-11-01,1975-11-01,1975-11-01,1975-11-30
107945,1975-12-01,1975-12-01,1975-12-01,1975-12-31
102460,1976-01-01,1976-01-01,1976-01-01,1976-01-31
98528,1976-02-01,1976-02-01,1976-02-01,1976-02-29
114284,1976-03-01,1976-03-01,1976-03-01,1976-03-31
117014,1976-04-01,1976-04-01,1976-04-01,1976-04-30
123278,1976-05-01,1976-05-01,1976-05-01,1976-05-31
124128,1976-06-01,1976-06-01,1976-06-01,1976-06-30
130891,1976-07-01,1976-07-01,1976-07-01,1976-07-31
131913,1976-08-01,1976-08-01,1976-08-01,1976-08-31
119431,1976-09-01,1976-09-01,1976-09-01,1976-09-30
121210,1976-10-01,1976-10-01,1976-10-01,1976-10-31
112996,1976-11-01,1976-11-01,1976-11-01,1976-11-30
113030,1976-12-01,1976-12-01,1976-12-01,1976-12-31
102445,1977-01-01,1977-01-01,1977-01-01,1977-01-31
102416,1977-02-01,1977-02-01,1977-02-01,1977-02-28
119960,1977-03-01,1977-03-01,1977-03-01,1977-03-31
121513,1977-04-01,1977-04-01,1977-04-01,1977-04-30
128884,1977-05-01,1977-05-01,1977-05-01,1977-05-31
129321,1977-06-01,1977-06-01,1977-06-01,1977-06-30
136199,1977-07-01,1977-07-01,1977-07-01,1977-07-31
136337,1977-08-01,1977-08-01,1977-08-01,1977-08-31
124203,1977-09-01,1977-09-01,1977-09-01,1977-09-30
127388,1977-10-01,1977-10-01,1977-10-01,1977-10-31
118486,1977-11-01,1977-11-01,1977-11-01,1977-11-30
116257,1977-12-01,1977-12-01,1977-12-01,1977-12-31
109838,1978-01-01,1978-01-01,1978-01-01,1978-01-31
107018,1978-02-01,1978-02-01,1978-02-01,1978-02-28
125035,1978-03-01,1978-03-01,1978-03-01,1978-03-31
122741,1978-04-01,1978-04-01,1978-04-01,1978-04-30
134427,1978-05-01,1978-05-01,1978-05-01,1978-05-31
138883,1978-06-01,1978-06-01,1978-06-01,1978-06-30
148209,1978-07-01,1978-07-01,1978-07-01,1978-07-31
149461,1978-08-01,1978-08-01,1978-08-01,1978-08-31
131385,1978-09-01,1978-09-01,1978-09-01,1978-09-30
132930,1978-10-01,1978-10-01,1978-10-01,1978-10-31
123690,1978-11-01,1978-11-01,1978-11-01,1978-11-30
124595,1978-12-01,1978-12-01,1978-12-01,1978-12-31
114354,1979-01-01,1979-01-01,1979-01-01,1979-01-31
109650,1979-02-01,1979-02-01,1979-02-01,1979-02-28
131406,1979-03-01,1979-03-01,1979-03-01,1979-03-31
129539,1979-04-01,1979-04-01,1979-04-01,1979-04-30
132394,1979-05-01,1979-05-01,1979-05-01,1979-05-31
131192,1979-06-01,1979-06-01,1979-06-01,1979-06-30
134853,1979-07-01,1979-07-01,1979-07-01,1979-07-31
139942,1979-08-01,1979-08-01,1979-08-01,1979-08-31
127576,1979-09-01,1979-09-01,1979-09-01,1979-09-30
131619,1979-10-01,1979-10-01,1979-10-01,1979-10-31
123381,1979-11-01,1979-11-01,1979-11-01,1979-11-30
123226,1979-12-01,1979-12-01,1979-12-01,1979-12-31
116462,1980-01-01,1980-01-01,1980-01-01,1980-01-31
107338,1980-02-01,1980-02-01,1980-02-01,1980-02-29
125179,1980-03-01,1980-03-01,1980-03-01,1980-03-31
125698,1980-04-01,1980-04-01,1980-04-01,1980-04-30
131269,1980-05-01,1980-05-01,1980-05-01,1980-05-31
131679,1980-06-01,1980-06-01,1980-06-01,1980-06-30
136250,1980-07-01,1980-07-01,1980-07-01,1980-07-31
138666,1980-08-01,1980-08-01,1980-08-01,1980-08-31
127482,1980-09-01,1980-09-01,1980-09-01,1980-09-30
132615,1980-10-01,1980-10-01,1980-10-01,1980-10-31
123420,1980-11-01,1980-11-01,1980-11-01,1980-11-30
124798,1980-12-01,1980-12-01,1980-12-01,1980-12-31
116049,1981-01-01,1981-01-01,1981-01-01,1981-01-31
109765,1981-02-01,1981-02-01,1981-02-01,1981-02-28
127798,1981-03-01,1981-03-01,1981-03-01,1981-03-31
128465,1981-04-01,1981-04-01,1981-04-01,1981-04-30
134305,1981-05-01,1981-05-01,1981-05-01,1981-05-31
135545,1981-06-01,1981-06-01,1981-06-01,1981-06-30
141253,1981-07-01,1981-07-01,1981-07-01,1981-07-31
143464,1981-08-01,1981-08-01,1981-08-01,1981-08-31
131185,1981-09-01,1981-09-01,1981-09-01,1981-09-30
133216,1981-10-01,1981-10-01,1981-10-01,1981-10-31
124804,1981-11-01,1981-11-01,1981-11-01,1981-11-30
124421,1981-12-01,1981-12-01,1981-12-01,1981-12-31
109757,1982-01-01,1982-01-01,1982-01-01,1982-01-31
107512,1982-02-01,1982-02-01,1982-02-01,1982-02-28
128182,1982-03-01,1982-03-01,1982-03-01,1982-03-31
129845,1982-04-01,1982-04-01,1982-04-01,1982-04-30
140283,1982-05-01,1982-05-01,1982-05-01,1982-05-31
142111,1982-06-01,1982-06-01,1982-06-01,1982-06-30
152200,1982-07-01,1982-07-01,1982-07-01,1982-07-31
153300,1982-08-01,1982-08-01,1982-08-01,1982-08-31
136311,1982-09-01,1982-09-01,1982-09-01,1982-09-30
138780,1982-10-01,1982-10-01,1982-10-01,1982-10-31
127061,1982-11-01,1982-11-01,1982-11-01,1982-11-30
127139,1982-12-01,1982-12-01,1982-12-01,1982-12-31
119436,1983-01-01,1983-01-01,1983-01-01,1983-01-31
111828,1983-02-01,1983-02-01,1983-02-01,1983-02-28
132814,1983-03-01,1983-03-01,1983-03-01,1983-03-31
132741,1983-04-01,1983-04-01,1983-04-01,1983-04-30
143619,1983-05-01,1983-05-01,1983-05-01,1983-05-31
146738,1983-06-01,1983-06-01,1983-06-01,1983-06-30
156823,1983-07-01,1983-07-01,1983-07-01,1983-07-31
157649,1983-08-01,1983-08-01,1983-08-01,1983-08-31
139938,1983-09-01,1983-09-01,1983-09-01,1983-09-30
144044,1983-10-01,1983-10-01,1983-10-01,1983-10-31
133700,1983-11-01,1983-11-01,1983-11-01,1983-11-30
129776,1983-12-01,1983-12-01,1983-12-01,1983-12-31
122529,1984-01-01,1984-01-01,1984-01-01,1984-01-31
117483,1984-02-01,1984-02-01,1984-02-01,1984-02-29
137307,1984-03-01,1984-03-01,1984-03-01,1984-03-31
141327,1984-04-01,1984-04-01,1984-04-01,1984-04-30
151046,1984-05-01,1984-05-01,1984-05-01,1984-05-31
153403,1984-06-01,1984-06-01,1984-06-01,1984-06-30
161702,1984-07-01,1984-07-01,1984-07-01,1984-07-31
164920,1984-08-01,1984-08-01,1984-08-01,1984-08-31
146074,1984-09-01,1984-09-01,1984-09-01,1984-09-30
147610,1984-10-01,1984-10-01,1984-10-01,1984-10-31
137272,1984-11-01,1984-11-01,1984-11-01,1984-11-30
136095,1984-12-01,1984-12-01,1984-12-01,1984-12-31
124122,1985-01-01,1985-01-01,1985-01-01,1985-01-31
119367,1985-02-01,1985-02-01,1985-02-01,1985-02-28
144424,1985-03-01,1985-03-01,1985-03-01,1985-03-31
147635,1985-04-01,1985-04-01,1985-04-01,1985-04-30
156726,1985-05-01,1985-05-01,1985-05-01,1985-05-31
158703,1985-06-01,1985-06-01,1985-06-01,1985-06-30
166881,1985-07-01,1985-07-01,1985-07-01,1985-07-31
169437,1985-08-01,1985-08-01,1985-08-01,1985-08-31
150424,1985-09-01,1985-09-01,1985-09-01,1985-09-30
154587,1985-10-01,1985-10-01,1985-10-01,1985-10-31
140872,1985-11-01,1985-11-01,1985-11-01,1985-11-30
141584,1985-12-01,1985-12-01,1985-12-01,1985-12-31
132998,1986-01-01,1986-01-01,1986-01-01,1986-01-31
123526,1986-02-01,1986-02-01,1986-02-01,1986-02-28
151183,1986-03-01,1986-03-01,1986-03-01,1986-03-31
150277,1986-04-01,1986-04-01,1986-04-01,1986-04-30
160459,1986-05-01,1986-05-01,1986-05-01,1986-05-31
162370,1986-06-01,1986-06-01,1986-06-01,1986-06-30
171114,1986-07-01,1986-07-01,1986-07-01,1986-07-31
173977,1986-08-01,1986-08-01,1986-08-01,1986-08-31
155462,1986-09-01,1986-09-01,1986-09-01,1986-09-30
159434,1986-10-01,1986-10-01,1986-10-01,1986-10-31
147813,1986-11-01,1986-11-01,1986-11-01,1986-11-30
149628,1986-12-01,1986-12-01,1986-12-01,1986-12-31
139918,1987-01-01,1987-01-01,1987-01-01,1987-01-31
135996,1987-02-01,1987-02-01,1987-02-01,1987-02-28
157573,1987-03-01,1987-03-01,1987-03-01,1987-03-31
159801,1987-04-01,1987-04-01,1987-04-01,1987-04-30
167776,1987-05-01,1987-05-01,1987-05-01,1987-05-31
167826,1987-06-01,1987-06-01,1987-06-01,1987-06-30
175783,1987-07-01,1987-07-01,1987-07-01,1987-07-31
177378,1987-08-01,1987-08-01,1987-08-01,1987-08-31
164184,1987-09-01,1987-09-01,1987-09-01,1987-09-30
166836,1987-10-01,1987-10-01,1987-10-01,1987-10-31
155676,1987-11-01,1987-11-01,1987-11-01,1987-11-30
155580,1987-12-01,1987-12-01,1987-12-01,1987-12-31
148879,1988-01-01,1988-01-01,1988-01-01,1988-01-31
141748,1988-02-01,1988-02-01,1988-02-01,1988-02-29
167836,1988-03-01,1988-03-01,1988-03-01,1988-03-31
166804,1988-04-01,1988-04-01,1988-04-01,1988-04-30
178042,1988-05-01,1988-05-01,1988-05-01,1988-05-31
178690,1988-06-01,1988-06-01,1988-06-01,1988-06-30
184779,1988-07-01,1988-07-01,1988-07-01,1988-07-31
184503,1988-08-01,1988-08-01,1988-08-01,1988-08-31
171072,1988-09-01,1988-09-01,1988-09-01,1988-09-30
175478,1988-10-01,1988-10-01,1988-10-01,1988-10-31
162957,1988-11-01,1988-11-01,1988-11-01,1988-11-30
164798,1988-12-01,1988-12-01,1988-12-01,1988-12-31
159750,1989-01-01,1989-01-01,1989-01-01,1989-01-31
146732,1989-02-01,1989-02-01,1989-02-01,1989-02-28
174990,1989-03-01,1989-03-01,1989-03-01,1989-03-31
174320,1989-04-01,1989-04-01,1989-04-01,1989-04-30
184823,1989-05-01,1989-05-01,1989-05-01,1989-05-31
184094,1989-06-01,1989-06-01,1989-06-01,1989-06-30
190985,1989-07-01,1989-07-01,1989-07-01,1989-07-31
194172,1989-08-01,1989-08-01,1989-08-01,1989-08-31
177326,1989-09-01,1989-09-01,1989-09-01,1989-09-30
182583,1989-10-01,1989-10-01,1989-10-01,1989-10-31
169735,1989-11-01,1989-11-01,1989-11-01,1989-11-30
167530,1989-12-01,1989-12-01,1989-12-01,1989-12-31
163600,1990-01-01,1990-01-01,1990-01-01,1990-01-31
153559,1990-02-01,1990-02-01,1990-02-01,1990-02-28
178771,1990-03-01,1990-03-01,1990-03-01,1990-03-31
179033,1990-04-01,1990-04-01,1990-04-01,1990-04-30
189247,1990-05-01,1990-05-01,1990-05-01,1990-05-31
189529,1990-06-01,1990-06-01,1990-06-01,1990-06-30
195470,1990-07-01,1990-07-01,1990-07-01,1990-07-31
197057,1990-08-01,1990-08-01,1990-08-01,1990-08-31
178415,1990-09-01,1990-09-01,1990-09-01,1990-09-30
182634,1990-10-01,1990-10-01,1990-10-01,1990-10-31
171565,1990-11-01,1990-11-01,1990-11-01,1990-11-30
168621,1990-12-01,1990-12-01,1990-12-01,1990-12-31
157889,1991-01-01,1991-01-01,1991-01-01,1991-01-31
153351,1991-02-01,1991-02-01,1991-02-01,1991-02-28
179076,1991-03-01,1991-03-01,1991-03-01,1991-03-31
179538,1991-04-01,1991-04-01,1991-04-01,1991-04-30
191929,1991-05-01,1991-05-01,1991-05-01,1991-05-31
193467,1991-06-01,1991-06-01,1991-06-01,1991-06-30
198387,1991-07-01,1991-07-01,1991-07-01,1991-07-31
204063,1991-08-01,1991-08-01,1991-08-01,1991-08-31
183594,1991-09-01,1991-09-01,1991-09-01,1991-09-30
188445,1991-10-01,1991-10-01,1991-10-01,1991-10-31
169693,1991-11-01,1991-11-01,1991-11-01,1991-11-30
172782,1991-12-01,1991-12-01,1991-12-01,1991-12-31
167652,1992-01-01,1992-01-01,1992-01-01,1992-01-31
160204,1992-02-01,1992-02-01,1992-02-01,1992-02-29
183778,1992-03-01,1992-03-01,1992-03-01,1992-03-31
186069,1992-04-01,1992-04-01,1992-04-01,1992-04-30
196725,1992-05-01,1992-05-01,1992-05-01,1992-05-31
197232,1992-06-01,1992-06-01,1992-06-01,1992-06-30
206616,1992-07-01,1992-07-01,1992-07-01,1992-07-31
204753,1992-08-01,1992-08-01,1992-08-01,1992-08-31
190908,1992-09-01,1992-09-01,1992-09-01,1992-09-30
194836,1992-10-01,1992-10-01,1992-10-01,1992-10-31
177380,1992-11-01,1992-11-01,1992-11-01,1992-11-30
180999,1992-12-01,1992-12-01,1992-12-01,1992-12-31
171680,1993-01-01,1993-01-01,1993-01-01,1993-01-31
162844,1993-02-01,1993-02-01,1993-02-01,1993-02-28
187869,1993-03-01,1993-03-01,1993-03-01,1993-03-31
188737,1993-04-01,1993-04-01,1993-04-01,1993-04-30
205981,1993-05-01,1993-05-01,1993-05-01,1993-05-31
199414,1993-06-01,1993-06-01,1993-06-01,1993-06-30
209838,1993-07-01,1993-07-01,1993-07-01,1993-07-31
209634,1993-08-01,1993-08-01,1993-08-01,1993-08-31
193765,1993-09-01,1993-09-01,1993-09-01,1993-09-30
197793,1993-10-01,1993-10-01,1993-10-01,1993-10-31
182322,1993-11-01,1993-11-01,1993-11-01,1993-11-30
186828,1993-12-01,1993-12-01,1993-12-01,1993-12-31
169314,1994-01-01,1994-01-01,1994-01-01,1994-01-31
166444,1994-02-01,1994-02-01,1994-02-01,1994-02-28
196190,1994-03-01,1994-03-01,1994-03-01,1994-03-31
195407,1994-04-01,1994-04-01,1994-04-01,1994-04-30
206594,1994-05-01,1994-05-01,1994-05-01,1994-05-31
207280,1994-06-01,1994-06-01,1994-06-01,1994-06-30
214778,1994-07-01,1994-07-01,1994-07-01,1994-07-31
215045,1994-08-01,1994-08-01,1994-08-01,1994-08-31
200511,1994-09-01,1994-09-01,1994-09-01,1994-09-30
202864,1994-10-01,1994-10-01,1994-10-01,1994-10-31
190074,1994-11-01,1994-11-01,1994-11-01,1994-11-30
193087,1994-12-01,1994-12-01,1994-12-01,1994-12-31
193838,1995-01-01,1995-01-01,1995-01-01,1995-01-31
171053,1995-02-01,1995-02-01,1995-02-01,1995-02-28
201227,1995-03-01,1995-03-01,1995-03-01,1995-03-31
198213,1995-04-01,1995-04-01,1995-04-01,1995-04-30
212586,1995-05-01,1995-05-01,1995-05-01,1995-05-31
211370,1995-06-01,1995-06-01,1995-06-01,1995-06-30
217188,1995-07-01,1995-07-01,1995-07-01,1995-07-31
219216,1995-08-01,1995-08-01,1995-08-01,1995-08-31
203866,1995-09-01,1995-09-01,1995-09-01,1995-09-30
206745,1995-10-01,1995-10-01,1995-10-01,1995-10-31
194131,1995-11-01,1995-11-01,1995-11-01,1995-11-30
193341,1995-12-01,1995-12-01,1995-12-01,1995-12-31
183465,1996-01-01,1996-01-01,1996-01-01,1996-01-31
176562,1996-02-01,1996-02-01,1996-02-01,1996-02-29
204172,1996-03-01,1996-03-01,1996-03-01,1996-03-31
205253,1996-04-01,1996-04-01,1996-04-01,1996-04-30
218676,1996-05-01,1996-05-01,1996-05-01,1996-05-31
215551,1996-06-01,1996-06-01,1996-06-01,1996-06-30
225109,1996-07-01,1996-07-01,1996-07-01,1996-07-31
229050,1996-08-01,1996-08-01,1996-08-01,1996-08-31
207604,1996-09-01,1996-09-01,1996-09-01,1996-09-30
215654,1996-10-01,1996-10-01,1996-10-01,1996-10-31
199643,1996-11-01,1996-11-01,1996-11-01,1996-11-30
201462,1996-12-01,1996-12-01,1996-12-01,1996-12-31
190126,1997-01-01,1997-01-01,1997-01-01,1997-01-31
183950,1997-02-01,1997-02-01,1997-02-01,1997-02-28
211952,1997-03-01,1997-03-01,1997-03-01,1997-03-31
211290,1997-04-01,1997-04-01,1997-04-01,1997-04-30
226082,1997-05-01,1997-05-01,1997-05-01,1997-05-31
222254,1997-06-01,1997-06-01,1997-06-01,1997-06-30
236713,1997-07-01,1997-07-01,1997-07-01,1997-07-31
233496,1997-08-01,1997-08-01,1997-08-01,1997-08-31
213547,1997-09-01,1997-09-01,1997-09-01,1997-09-30
221219,1997-10-01,1997-10-01,1997-10-01,1997-10-31
202422,1997-11-01,1997-11-01,1997-11-01,1997-11-30
207322,1997-12-01,1997-12-01,1997-12-01,1997-12-31
196870,1998-01-01,1998-01-01,1998-01-01,1998-01-31
187167,1998-02-01,1998-02-01,1998-02-01,1998-02-28
214222,1998-03-01,1998-03-01,1998-03-01,1998-03-31
217921,1998-04-01,1998-04-01,1998-04-01,1998-04-30
227899,1998-05-01,1998-05-01,1998-05-01,1998-05-31
228733,1998-06-01,1998-06-01,1998-06-01,1998-06-30
239944,1998-07-01,1998-07-01,1998-07-01,1998-07-31
237143,1998-08-01,1998-08-01,1998-08-01,1998-08-31
219461,1998-09-01,1998-09-01,1998-09-01,1998-09-30
228523,1998-10-01,1998-10-01,1998-10-01,1998-10-31
211178,1998-11-01,1998-11-01,1998-11-01,1998-11-30
216303,1998-12-01,1998-12-01,1998-12-01,1998-12-31
193581,1999-01-01,1999-01-01,1999-01-01,1999-01-31
191485,1999-02-01,1999-02-01,1999-02-01,1999-02-28
220763,1999-03-01,1999-03-01,1999-03-01,1999-03-31
220996,1999-04-01,1999-04-01,1999-04-01,1999-04-30
230786,1999-05-01,1999-05-01,1999-05-01,1999-05-31
235970,1999-06-01,1999-06-01,1999-06-01,1999-06-30
243116,1999-07-01,1999-07-01,1999-07-01,1999-07-31
241503,1999-08-01,1999-08-01,1999-08-01,1999-08-31
224306,1999-09-01,1999-09-01,1999-09-01,1999-09-30
233631,1999-10-01,1999-10-01,1999-10-01,1999-10-31
221856,1999-11-01,1999-11-01,1999-11-01,1999-11-30
221465,1999-12-01,1999-12-01,1999-12-01,1999-12-31
203442,2000-01-01,2000-01-01,2000-01-01,2000-01-31
199261,2000-02-01,2000-02-01,2000-02-01,2000-02-29
232490,2000-03-01,2000-03-01,2000-03-01,2000-03-31
227698,2000-04-01,2000-04-01,2000-04-01,2000-04-30
242501,2000-05-01,2000-05-01,2000-05-01,2000-05-31
242963,2000-06-01,2000-06-01,2000-06-01,2000-06-30
245140,2000-07-01,2000-07-01,2000-07-01,2000-07-31
247832,2000-08-01,2000-08-01,2000-08-01,2000-08-31
227899,2000-09-01,2000-09-01,2000-09-01,2000-09-30
236491,2000-10-01,2000-10-01,2000-10-01,2000-10-31
222819,2000-11-01,2000-11-01,2000-11-01,2000-11-30
218390,2000-12-01,2000-12-01,2000-12-01,2000-12-31
209685,2001-01-01,2001-01-01,2001-01-01,2001-01-31
200876,2001-02-01,2001-02-01,2001-02-01,2001-02-28
232587,2001-03-01,2001-03-01,2001-03-01,2001-03-31
232513,2001-04-01,2001-04-01,2001-04-01,2001-04-30
245357,2001-05-01,2001-05-01,2001-05-01,2001-05-31
243498,2001-06-01,2001-06-01,2001-06-01,2001-06-30
250363,2001-07-01,2001-07-01,2001-07-01,2001-07-31
253274,2001-08-01,2001-08-01,2001-08-01,2001-08-31
226312,2001-09-01,2001-09-01,2001-09-01,2001-09-30
241050,2001-10-01,2001-10-01,2001-10-01,2001-10-31
230511,2001-11-01,2001-11-01,2001-11-01,2001-11-30
229584,2001-12-01,2001-12-01,2001-12-01,2001-12-31
215215,2002-01-01,2002-01-01,2002-01-01,2002-01-31
208237,2002-02-01,2002-02-01,2002-02-01,2002-02-28
236070,2002-03-01,2002-03-01,2002-03-01,2002-03-31
237226,2002-04-01,2002-04-01,2002-04-01,2002-04-30
251746,2002-05-01,2002-05-01,2002-05-01,2002-05-31
247868,2002-06-01,2002-06-01,2002-06-01,2002-06-30
256392,2002-07-01,2002-07-01,2002-07-01,2002-07-31
258666,2002-08-01,2002-08-01,2002-08-01,2002-08-31
233625,2002-09-01,2002-09-01,2002-09-01,2002-09-30
245556,2002-10-01,2002-10-01,2002-10-01,2002-10-31
230648,2002-11-01,2002-11-01,2002-11-01,2002-11-30
234260,2002-12-01,2002-12-01,2002-12-01,2002-12-31
218534,2003-01-01,2003-01-01,2003-01-01,2003-01-31
203677,2003-02-01,2003-02-01,2003-02-01,2003-02-28
236679,2003-03-01,2003-03-01,2003-03-01,2003-03-31
239415,2003-04-01,2003-04-01,2003-04-01,2003-04-30
253244,2003-05-01,2003-05-01,2003-05-01,2003-05-31
252145,2003-06-01,2003-06-01,2003-06-01,2003-06-30
262105,2003-07-01,2003-07-01,2003-07-01,2003-07-31
260687,2003-08-01,2003-08-01,2003-08-01,2003-08-31
237451,2003-09-01,2003-09-01,2003-09-01,2003-09-30
254048,2003-10-01,2003-10-01,2003-10-01,2003-10-31
233698,2003-11-01,2003-11-01,2003-11-01,2003-11-30
238538,2003-12-01,2003-12-01,2003-12-01,2003-12-31
222450,2004-01-01,2004-01-01,2004-01-01,2004-01-31
213709,2004-02-01,2004-02-01,2004-02-01,2004-02-29
251403,2004-03-01,2004-03-01,2004-03-01,2004-03-31
250968,2004-04-01,2004-04-01,2004-04-01,2004-04-30
257235,2004-05-01,2004-05-01,2004-05-01,2004-05-31
257383,2004-06-01,2004-06-01,2004-06-01,2004-06-30
265969,2004-07-01,2004-07-01,2004-07-01,2004-07-31
262836,2004-08-01,2004-08-01,2004-08-01,2004-08-31
243515,2004-09-01,2004-09-01,2004-09-01,2004-09-30
254496,2004-10-01,2004-10-01,2004-10-01,2004-10-31
239796,2004-11-01,2004-11-01,2004-11-01,2004-11-30
245029,2004-12-01,2004-12-01,2004-12-01,2004-12-31
224072,2005-01-01,2005-01-01,2005-01-01,2005-01-31
219970,2005-02-01,2005-02-01,2005-02-01,2005-02-28
253182,2005-03-01,2005-03-01,2005-03-01,2005-03-31
250860,2005-04-01,2005-04-01,2005-04-01,2005-04-30
262678,2005-05-01,2005-05-01,2005-05-01,2005-05-31
263816,2005-06-01,2005-06-01,2005-06-01,2005-06-30
267025,2005-07-01,2005-07-01,2005-07-01,2005-07-31
265323,2005-08-01,2005-08-01,2005-08-01,2005-08-31
242240,2005-09-01,2005-09-01,2005-09-01,2005-09-30
251419,2005-10-01,2005-10-01,2005-10-01,2005-10-31
243056,2005-11-01,2005-11-01,2005-11-01,2005-11-30
245787,2005-12-01,2005-12-01,2005-12-01,2005-12-31
233282,2006-01-01,2006-01-01,2006-01-01,2006-01-31
220711,2006-02-01,2006-02-01,2006-02-01,2006-02-28
256623,2006-03-01,2006-03-01,2006-03-01,2006-03-31
250644,2006-04-01,2006-04-01,2006-04-01,2006-04-30
263370,2006-05-01,2006-05-01,2006-05-01,2006-05-31
263782,2006-06-01,2006-06-01,2006-06-01,2006-06-30
263421,2006-07-01,2006-07-01,2006-07-01,2006-07-31
265206,2006-08-01,2006-08-01,2006-08-01,2006-08-31
245605,2006-09-01,2006-09-01,2006-09-01,2006-09-30
257939,2006-10-01,2006-10-01,2006-10-01,2006-10-31
245346,2006-11-01,2006-11-01,2006-11-01,2006-11-30
248187,2006-12-01,2006-12-01,2006-12-01,2006-12-31
233621,2007-01-01,2007-01-01,2007-01-01,2007-01-31
219232,2007-02-01,2007-02-01,2007-02-01,2007-02-28
259638,2007-03-01,2007-03-01,2007-03-01,2007-03-31
252595,2007-04-01,2007-04-01,2007-04-01,2007-04-30
267574,2007-05-01,2007-05-01,2007-05-01,2007-05-31
265374,2007-06-01,2007-06-01,2007-06-01,2007-06-30
267106,2007-07-01,2007-07-01,2007-07-01,2007-07-31
271225,2007-08-01,2007-08-01,2007-08-01,2007-08-31
245965,2007-09-01,2007-09-01,2007-09-01,2007-09-30
261423,2007-10-01,2007-10-01,2007-10-01,2007-10-31
245787,2007-11-01,2007-11-01,2007-11-01,2007-11-30
240281,2007-12-01,2007-12-01,2007-12-01,2007-12-31
232920,2008-01-01,2008-01-01,2008-01-01,2008-01-31
221336,2008-02-01,2008-02-01,2008-02-01,2008-02-29
252343,2008-03-01,2008-03-01,2008-03-01,2008-03-31
252088,2008-04-01,2008-04-01,2008-04-01,2008-04-30
261466,2008-05-01,2008-05-01,2008-05-01,2008-05-31
257484,2008-06-01,2008-06-01,2008-06-01,2008-06-30
261600,2008-07-01,2008-07-01,2008-07-01,2008-07-31
260609,2008-08-01,2008-08-01,2008-08-01,2008-08-31
239607,2008-09-01,2008-09-01,2008-09-01,2008-09-30
255848,2008-10-01,2008-10-01,2008-10-01,2008-10-31
236465,2008-11-01,2008-11-01,2008-11-01,2008-11-30
241742,2008-12-01,2008-12-01,2008-12-01,2008-12-31
225529,2009-01-01,2009-01-01,2009-01-01,2009-01-31
217643,2009-02-01,2009-02-01,2009-02-01,2009-02-28
249741,2009-03-01,2009-03-01,2009-03-01,2009-03-31
251374,2009-04-01,2009-04-01,2009-04-01,2009-04-30
258276,2009-05-01,2009-05-01,2009-05-01,2009-05-31
258395,2009-06-01,2009-06-01,2009-06-01,2009-06-30
264472,2009-07-01,2009-07-01,2009-07-01,2009-07-31
260297,2009-08-01,2009-08-01,2009-08-01,2009-08-31
241970,2009-09-01,2009-09-01,2009-09-01,2009-09-30
252209,2009-10-01,2009-10-01,2009-10-01,2009-10-31
237264,2009-11-01,2009-11-01,2009-11-01,2009-11-30
239593,2009-12-01,2009-12-01,2009-12-01,2009-12-31
220839,2010-01-01,2010-01-01,2010-01-01,2010-01-31
210635,2010-02-01,2010-02-01,2010-02-01,2010-02-28
254238,2010-03-01,2010-03-01,2010-03-01,2010-03-31
253936,2010-04-01,2010-04-01,2010-04-01,2010-04-30
256927,2010-05-01,2010-05-01,2010-05-01,2010-05-31
260083,2010-06-01,2010-06-01,2010-06-01,2010-06-30
265315,2010-07-01,2010-07-01,2010-07-01,2010-07-31
263837,2010-08-01,2010-08-01,2010-08-01,2010-08-31
244682,2010-09-01,2010-09-01,2010-09-01,2010-09-30
256395,2010-10-01,2010-10-01,2010-10-01,2010-10-31
239579,2010-11-01,2010-11-01,2010-11-01,2010-11-30
240800,2010-12-01,2010-12-01,2010-12-01,2010-12-31
223790,2011-01-01,2011-01-01,2011-01-01,2011-01-31
213463,2011-02-01,2011-02-01,2011-02-01,2011-02-28
253124,2011-03-01,2011-03-01,2011-03-01,2011-03-31
249578,2011-04-01,2011-04-01,2011-04-01,2011-04-30
254083,2011-05-01,2011-05-01,2011-05-01,2011-05-31
258350,2011-06-01,2011-06-01,2011-06-01,2011-06-30
260175,2011-07-01,2011-07-01,2011-07-01,2011-07-31
260526,2011-08-01,2011-08-01,2011-08-01,2011-08-31
242062,2011-09-01,2011-09-01,2011-09-01,2011-09-30
251906,2011-10-01,2011-10-01,2011-10-01,2011-10-31
238535,2011-11-01,2011-11-01,2011-11-01,2011-11-30
244810,2011-12-01,2011-12-01,2011-12-01,2011-12-31
227527,2012-01-01,2012-01-01,2012-01-01,2012-01-31
218196,2012-02-01,2012-02-01,2012-02-01,2012-02-29
256166,2012-03-01,2012-03-01,2012-03-01,2012-03-31
249394,2012-04-01,2012-04-01,2012-04-01,2012-04-30
260774,2012-05-01,2012-05-01,2012-05-01,2012-05-31
260376,2012-06-01,2012-06-01,2012-06-01,2012-06-30
260244,2012-07-01,2012-07-01,2012-07-01,2012-07-31
264379,2012-08-01,2012-08-01,2012-08-01,2012-08-31
238867,2012-09-01,2012-09-01,2012-09-01,2012-09-30
253574,2012-10-01,2012-10-01,2012-10-01,2012-10-31
240361,2012-11-01,2012-11-01,2012-11-01,2012-11-30
238709,2012-12-01,2012-12-01,2012-12-01,2012-12-31
229419,2013-01-01,2013-01-01,2013-01-01,2013-01-31
215803,2013-02-01,2013-02-01,2013-02-01,2013-02-28
253026,2013-03-01,2013-03-01,2013-03-01,2013-03-31
252064,2013-04-01,2013-04-01,2013-04-01,2013-04-30
263406,2013-05-01,2013-05-01,2013-05-01,2013-05-31
259980,2013-06-01,2013-06-01,2013-06-01,2013-06-30
263946,2013-07-01,2013-07-01,2013-07-01,2013-07-31
268061,2013-08-01,2013-08-01,2013-08-01,2013-08-31
242536,2013-09-01,2013-09-01,2013-09-01,2013-09-30
258748,2013-10-01,2013-10-01,2013-10-01,2013-10-31
240055,2013-11-01,2013-11-01,2013-11-01,2013-11-30
241237,2013-12-01,2013-12-01,2013-12-01,2013-12-31
226413,2014-01-01,2014-01-01,2014-01-01,2014-01-31
213949,2014-02-01,2014-02-01,2014-02-01,2014-02-28
253424,2014-03-01,2014-03-01,2014-03-01,2014-03-31
256736,2014-04-01,2014-04-01,2014-04-01,2014-04-30
266237,2014-05-01,2014-05-01,2014-05-01,2014-05-31
263459,2014-06-01,2014-06-01,2014-06-01,2014-06-30
270053,2014-07-01,2014-07-01,2014-07-01,2014-07-31
268831,2014-08-01,2014-08-01,2014-08-01,2014-08-31
247688,2014-09-01,2014-09-01,2014-09-01,2014-09-30
265144,2014-10-01,2014-10-01,2014-10-01,2014-10-31
241451,2014-11-01,2014-11-01,2014-11-01,2014-11-30
252271,2014-12-01,2014-12-01,2014-12-01,2014-12-31
233498,2015-01-01,2015-01-01,2015-01-01,2015-01-31
217220,2015-02-01,2015-02-01,2015-02-01,2015-02-28
258017,2015-03-01,2015-03-01,2015-03-01,2015-03-31
262817,2015-04-01,2015-04-01,2015-04-01,2015-04-30
270839,2015-05-01,2015-05-01,2015-05-01,2015-05-31
270574,2015-06-01,2015-06-01,2015-06-01,2015-06-30
278372,2015-07-01,2015-07-01,2015-07-01,2015-07-31
272209,2015-08-01,2015-08-01,2015-08-01,2015-08-31
255090,2015-09-01,2015-09-01,2015-09-01,2015-09-30
268469,2015-10-01,2015-10-01,2015-10-01,2015-10-31
248843,2015-11-01,2015-11-01,2015-11-01,2015-11-30
259424,2015-12-01,2015-12-01,2015-12-01,2015-12-31
239679,2016-01-01,2016-01-01,2016-01-01,2016-01-31
223011,2016-02-01,2016-02-01,2016-02-01,2016-02-29
265147,2016-03-01,2016-03-01,2016-03-01,2016-03-31
269653,2016-04-01,2016-04-01,2016-04-01,2016-04-30
277972,2016-05-01,2016-05-01,2016-05-01,2016-05-31
276991,2016-06-01,2016-06-01,2016-06-01,2016-06-30
285160,2016-07-01,2016-07-01,2016-07-01,2016-07-31
279213,2016-08-01,2016-08-01,2016-08-01,2016-08-31
262039,2016-09-01,2016-09-01,2016-09-01,2016-09-30
275610,2016-10-01,2016-10-01,2016-10-01,2016-10-31
255154,2016-11-01,2016-11-01,2016-11-01,2016-11-30
264778,2016-12-01,2016-12-01,2016-12-01,2016-12-31
242600,2017-01-01,2017-01-01,2017-01-01,2017-01-31
225644,2017-02-01,2017-02-01,2017-02-01,2017-02-28
268343,2017-03-01,2017-03-01,2017-03-01,2017-03-31
272864,2017-04-01,2017-04-01,2017-04-01,2017-04-30
281264,2017-05-01,2017-05-01,2017-05-01,2017-05-31
280290,2017-06-01,2017-06-01,2017-06-01,2017-06-30
288566,2017-07-01,2017-07-01,2017-07-01,2017-07-31
282558,2017-08-01,2017-08-01,2017-08-01,2017-08-31
265212,2017-09-01,2017-09-01,2017-09-01,2017-09-30
278888,2017-10-01,2017-10-01,2017-10-01,2017-10-31
258159,2017-11-01,2017-11-01,2017-11-01,2017-11-30
267958,2017-12-01,2017-12-01,2017-12-01,2017-12-31
243483,2018-01-01,2018-01-01,2018-01-01,2018-01-31
225146,2018-02-01,2018-02-01,2018-02-01,2018-02-28
269229,2018-03-01,2018-03-01,2018-03-01,2018-03-31
272444,2018-04-01,2018-04-01,2018-04-01,2018-04-30
283417,2018-05-01,2018-05-01,2018-05-01,2018-05-31
280583,2018-06-01,2018-06-01,2018-06-01,2018-06-30
289390,2018-07-01,2018-07-01,2018-07-01,2018-07-31
285979,2018-08-01,2018-08-01,2018-08-01,2018-08-31
263175,2018-09-01,2018-09-01,2018-09-01,2018-09-30
282230,2018-10-01,2018-10-01,2018-10-01,2018-10-31
258574,2018-11-01,2018-11-01,2018-11-01,2018-11-30
269706,2018-12-01,2018-12-01,2018-12-01,2018-12-31
247149,2019-01-01,2019-01-01,2019-01-01,2019-01-31
224137,2019-02-01,2019-02-01,2019-02-01,2019-02-28
270177,2019-03-01,2019-03-01,2019-03-01,2019-03-31
279148,2019-04-01,2019-04-01,2019-04-01,2019-04-30
286395,2019-05-01,2019-05-01,2019-05-01,2019-05-31
279690,2019-06-01,2019-06-01,2019-06-01,2019-06-30
294328,2019-07-01,2019-07-01,2019-07-01,2019-07-31
288116,2019-08-01,2019-08-01,2019-08-01,2019-08-31
267747,2019-09-01,2019-09-01,2019-09-01,2019-09-30
283961,2019-10-01,2019-10-01,2019-10-01,2019-10-31
260326,2019-11-01,2019-11-01,2019-11-01,2019-11-30
261757,2019-12-01,2019-12-01,2019-12-01,2019-12-31
260847,2020-01-01,2020-01-01,2020-01-01,2020-01-31
242695,2020-02-01,2020-02-01,2020-02-01,2020-02-29
226638,2020-03-01,2020-03-01,2020-03-01,2020-03-31
167617,2020-04-01,2020-04-01,2020-04-01,2020-04-30
221006,2020-05-01,2020-05-01,2020-05-01,2020-05-31
250330,2020-06-01,2020-06-01,2020-06-01,2020-06-30
265550,2020-07-01,2020-07-01,2020-07-01,2020-07-31
265060,2020-08-01,2020-08-01,2020-08-01,2020-08-31
257531,2020-09-01,2020-09-01,2020-09-01,2020-09-30
266596,2020-10-01,2020-10-01,2020-10-01,2020-10-31
238300,2020-11-01,2020-11-01,2020-11-01,2020-11-30
241451,2020-12-01,2020-12-01,2020-12-01,2020-12-31
224959,2021-01-01,2021-01-01,2021-01-01,2021-01-31
207160,2021-02-01,2021-02-01,2021-02-01,2021-02-28
262065,2021-03-01,2021-03-01,2021-03-01,2021-03-31
252218,2021-04-01,2021-04-01,2021-04-01,2021-04-30
276639,2021-05-01,2021-05-01,2021-05-01,2021-05-31
279209,2021-06-01,2021-06-01,2021-06-01,2021-06-30
288443,2021-07-01,2021-07-01,2021-07-01,2021-07-31
279596,2021-08-01,2021-08-01,2021-08-01,2021-08-31
270461,2021-09-01,2021-09-01,2021-09-01,2021-09-30
277877,2021-10-01,2021-10-01,2021-10-01,2021-10-31
260433,2021-11-01,2021-11-01,2021-11-01,2021-11-30
261028,2021-12-01,2021-12-01,2021-12-01,2021-12-31
236055,2022-01-01,2022-01-01,2022-01-01,2022-01-31
231137,2022-02-01,2022-02-01,2022-02-01,2022-02-28
271869,2022-03-01,2022-03-01,2022-03-01,2022-03-31
258001,2022-04-01,2022-04-01,2022-04-01,2022-04-30
282678,2022-05-01,2022-05-01,2022-05-01,2022-05-31
277059,2022-06-01,2022-06-01,2022-06-01,2022-06-30
281976,2022-07-01,2022-07-01,2022-07-01,2022-07-31
284347,2022-08-01,2022-08-01,2022-08-01,2022-08-31
275638,2022-09-01,2022-09-01,2022-09-01,2022-09-30
280673,2022-10-01,2022-10-01,2022-10-01,2022-10-31
258728,2022-11-01,2022-11-01,2022-11-01,2022-11-30
258030,2022-12-01,2022-12-01,2022-12-01,2022-12-31
249207,2023-01-01,2023-01-01,2023-01-01,2023-01-31
235447,2023-02-01,2023-02-01,2023-02-01,2023-02-28
273712,2023-03-01,2023-03-01,2023-03-01,2023-03-31
258225,2023-04-01,2023-04-01,2023-04-01,2023-04-30
289639,2023-05-01,2023-05-01,2023-05-01,2023-05-31
285604,2023-06-01,2023-06-01,2023-06-01,2023-06-30
289796,2023-07-01,2023-07-01,2023-07-01,2023-07-31
290916,2023-08-01,2023-08-01,2023-08-01,2023-08-31
278035,2023-09-01,2023-09-01,2023-09-01,2023-09-30
284049,2023-10-01,2023-10-01,2023-10-01,2023-10-31
265139,2023-11-01,2023-11-01,2023-11-01,2023-11-30
263587,2023-12-01,2023-12-01,2023-12-01,2023-12-31
247061,2024-01-01,2024-01-01,2024-01-01,2024-01-31
240257,2024-02-01,2024-02-01,2024-02-01,2024-02-29
275496,2024-03-01,2024-03-01,2024-03-01,2024-03-31
