date,date,end_date,OT
1996-01-01,1996-01-01,1996-01-07,
1996-01-08,1996-01-08,1996-01-14,
1996-01-15,1996-01-15,1996-01-21,
1996-01-22,1996-01-22,1996-01-28,0.0
1996-01-29,1996-01-29,1996-02-04,0.0
1996-02-05,1996-02-05,1996-02-11,0.0
1996-02-12,1996-02-12,1996-02-18,0.0
1996-02-19,1996-02-19,1996-02-25,0.0
1996-02-26,1996-02-26,1996-03-03,0.0
1996-03-04,1996-03-04,1996-03-10,0.0
1996-03-11,1996-03-11,1996-03-17,0.0
1996-03-18,1996-03-18,1996-03-24,0.0
1996-03-25,1996-03-25,1996-03-31,0.0
1996-04-01,1996-04-01,1996-04-07,0.0
1996-04-08,1996-04-08,1996-04-14,0.0
1996-04-15,1996-04-15,1996-04-21,0.0
1996-04-22,1996-04-22,1996-04-28,0.0
1996-04-29,1996-04-29,1996-05-05,0.0
1996-05-06,1996-05-06,1996-05-12,0.0
1996-05-13,1996-05-13,1996-05-19,0.0
1996-05-20,1996-05-20,1996-05-26,0.0
1996-05-27,1996-05-27,1996-06-02,0.0
1996-06-03,1996-06-03,1996-06-09,0.0
1996-06-10,1996-06-10,1996-06-16,0.0
1996-06-17,1996-06-17,1996-06-23,0.21052631578947367
1996-06-24,1996-06-24,1996-06-30,0.1111111111111111
1996-07-01,1996-07-01,1996-07-07,0.0
1996-07-08,1996-07-08,1996-07-14,0.041666666666666664
1996-07-15,1996-07-15,1996-07-21,0.0
1996-07-22,1996-07-22,1996-07-28,0.0
1996-07-29,1996-07-29,1996-08-04,0.0
1996-08-05,1996-08-05,1996-08-11,0.0
1996-08-12,1996-08-12,1996-08-18,0.0
1996-08-19,1996-08-19,1996-08-25,0.0
1996-08-26,1996-08-26,1996-09-01,0.0
1996-09-02,1996-09-02,1996-09-08,0.0
1996-09-09,1996-09-09,1996-09-15,0.0
1996-09-16,1996-09-16,1996-09-22,0.0
1996-09-23,1996-09-23,1996-09-29,0.0
1996-09-30,1996-09-30,1996-10-06,0.0
1996-10-07,1996-10-07,1996-10-13,0.0
1996-10-14,1996-10-14,1996-10-20,0.0
1996-10-21,1996-10-21,1996-10-27,0.0
1996-10-28,1996-10-28,1996-11-03,0.0
1996-11-04,1996-11-04,1996-11-10,0.0
1996-11-11,1996-11-11,1996-11-17,0.0
1996-11-18,1996-11-18,1996-11-24,0.0
1996-11-25,1996-11-25,1996-12-01,0.0
1996-12-02,1996-12-02,1996-12-08,0.0
1996-12-09,1996-12-09,1996-12-15,0.0
1996-12-16,1996-12-16,1996-12-22,0.3333333333333333
1996-12-23,1996-12-23,1996-12-29,0.3333333333333333
1996-12-30,1996-12-30,1997-01-05,0.3333333333333333
1997-01-06,1997-01-06,1997-01-12,0.3333333333333333
1997-01-13,1997-01-13,1997-01-19,0.0
1997-01-20,1997-01-20,1997-01-26,0.5
1997-01-27,1997-01-27,1997-02-02,1.0
1997-02-03,1997-02-03,1997-02-09,0.09090909090909091
1997-02-10,1997-02-10,1997-02-16,0.0
1997-02-17,1997-02-17,1997-02-23,0.3
1997-02-24,1997-02-24,1997-03-02,0.0
1997-03-03,1997-03-03,1997-03-09,0.1111111111111111
1997-03-10,1997-03-10,1997-03-16,0.2222222222222222
1997-03-17,1997-03-17,1997-03-23,0.1
1997-03-24,1997-03-24,1997-03-30,0.14285714285714285
1997-03-31,1997-03-31,1997-04-06,0.14285714285714285
1997-04-07,1997-04-07,1997-04-13,0.1
1997-04-14,1997-04-14,1997-04-20,0.1
1997-04-21,1997-04-21,1997-04-27,0.0
1997-04-28,1997-04-28,1997-05-04,0.2
1997-05-05,1997-05-05,1997-05-11,0.16666666666666666
1997-05-12,1997-05-12,1997-05-18,0.3333333333333333
1997-05-19,1997-05-19,1997-05-25,inf
1997-05-26,1997-05-26,1997-06-01,0.0
1997-06-02,1997-06-02,1997-06-08,0.6666666666666666
1997-06-09,1997-06-09,1997-06-15,inf
1997-06-16,1997-06-16,1997-06-22,0.3333333333333333
1997-06-23,1997-06-23,1997-06-29,0.6666666666666666
1997-06-30,1997-06-30,1997-07-06,0.8636363636363636
1997-07-07,1997-07-07,1997-07-13,0.8695652173913043
1997-07-14,1997-07-14,1997-07-20,0.2191780821917808
1997-07-21,1997-07-21,1997-07-27,0.1076923076923077
1997-07-28,1997-07-28,1997-08-03,0.2236842105263158
1997-08-04,1997-08-04,1997-08-10,0.4175824175824176
1997-08-11,1997-08-11,1997-08-17,0.171875
1997-08-18,1997-08-18,1997-08-24,0.04411764705882353
1997-08-25,1997-08-25,1997-08-31,0.04411764705882353
1997-09-01,1997-09-01,1997-09-07,0.03076923076923077
1997-09-08,1997-09-08,1997-09-14,0.04285714285714286
1997-09-15,1997-09-15,1997-09-21,0.0
1997-09-22,1997-09-22,1997-09-28,0.06493506493506493
1997-09-29,1997-09-29,1997-10-05,0.3333333333333333
1997-10-06,1997-10-06,1997-10-12,0.2
1997-10-13,1997-10-13,1997-10-19,0.2222222222222222
1997-12-22,1997-12-22,1997-12-28,0.2222222222222222
1997-12-29,1997-12-29,1998-01-04,0.0
1998-01-05,1998-01-05,1998-01-11,0.0
1998-01-12,1998-01-12,1998-01-18,0.0
1998-01-19,1998-01-19,1998-01-25,0.0
1998-01-26,1998-01-26,1998-02-01,0.0
1998-02-02,1998-02-02,1998-02-08,0.3333333333333333
1998-02-09,1998-02-09,1998-02-15,0.14285714285714285
1998-02-16,1998-02-16,1998-02-22,0.14285714285714285
1998-02-23,1998-02-23,1998-03-01,0.0
1998-03-02,1998-03-02,1998-03-08,0.0
1998-03-09,1998-03-09,1998-03-15,0.0
1998-03-16,1998-03-16,1998-03-22,0.0
1998-03-23,1998-03-23,1998-03-29,0.0
1998-03-30,1998-03-30,1998-04-05,0.0
1998-04-06,1998-04-06,1998-04-12,0.25
1998-04-13,1998-04-13,1998-04-19,0.7142857142857143
1998-04-20,1998-04-20,1998-04-26,0.3333333333333333
1998-04-27,1998-04-27,1998-05-03,4.0
1998-05-04,1998-05-04,1998-05-10,11.4
1998-05-11,1998-05-11,1998-05-17,7.2
1998-05-18,1998-05-18,1998-05-24,20.25
1998-05-25,1998-05-25,1998-05-31,13.8
1998-06-01,1998-06-01,1998-06-07,4.625
1998-06-08,1998-06-08,1998-06-14,1.8571428571428572
1998-06-15,1998-06-15,1998-06-21,1.1666666666666667
1998-06-22,1998-06-22,1998-06-28,2.0
1998-06-29,1998-06-29,1998-07-05,0.5
1998-07-06,1998-07-06,1998-07-12,0.4
1998-07-13,1998-07-13,1998-07-19,0.14285714285714285
1998-07-20,1998-07-20,1998-07-26,0.09090909090909091
1998-07-27,1998-07-27,1998-08-02,0.0
1998-08-03,1998-08-03,1998-08-09,0.0
1998-08-10,1998-08-10,1998-08-16,0.0
1998-08-17,1998-08-17,1998-08-23,0.0
1998-08-24,1998-08-24,1998-08-30,0.0
1998-08-31,1998-08-31,1998-09-06,0.0
1998-09-07,1998-09-07,1998-09-13,0.0
1998-09-14,1998-09-14,1998-09-20,0.0
1998-09-21,1998-09-21,1998-09-27,0.0
1998-09-28,1998-09-28,1998-10-04,0.0
1998-10-05,1998-10-05,1998-10-11,0.0
1998-10-12,1998-10-12,1998-10-18,0.1111111111111111
1998-10-19,1998-10-19,1998-10-25,0.0
1998-10-26,1998-10-26,1998-11-01,0.0625
1998-11-02,1998-11-02,1998-11-08,0.05
1998-11-09,1998-11-09,1998-11-15,0.0
1998-11-16,1998-11-16,1998-11-22,0.0
1998-11-23,1998-11-23,1998-11-29,0.05555555555555555
1998-11-30,1998-11-30,1998-12-06,0.0
1998-12-07,1998-12-07,1998-12-13,0.0
1998-12-14,1998-12-14,1998-12-20,0.0
1998-12-21,1998-12-21,1998-12-27,0.058823529411764705
1998-12-28,1998-12-28,1999-01-03,0.0625
1999-01-04,1999-01-04,1999-01-10,0.07692307692307693
1999-01-11,1999-01-11,1999-01-17,0.0
1999-01-18,1999-01-18,1999-01-24,0.0
1999-01-25,1999-01-25,1999-01-31,0.0
1999-02-01,1999-02-01,1999-02-07,0.0
1999-02-08,1999-02-08,1999-02-14,0.0
1999-02-15,1999-02-15,1999-02-21,0.0
1999-02-22,1999-02-22,1999-02-28,0.0
1999-03-01,1999-03-01,1999-03-07,0.0
1999-03-08,1999-03-08,1999-03-14,0.14285714285714285
1999-03-15,1999-03-15,1999-03-21,0.045454545454545456
1999-03-22,1999-03-22,1999-03-28,0.09523809523809523
1999-03-29,1999-03-29,1999-04-04,0.0
1999-04-05,1999-04-05,1999-04-11,0.02040816326530612
1999-04-12,1999-04-12,1999-04-18,0.034782608695652174
1999-04-19,1999-04-19,1999-04-25,0.04716981132075472
1999-04-26,1999-04-26,1999-05-02,0.053691275167785234
1999-05-03,1999-05-03,1999-05-09,0.11176470588235295
1999-05-10,1999-05-10,1999-05-16,0.5
1999-05-17,1999-05-17,1999-05-23,0.43333333333333335
1999-05-24,1999-05-24,1999-05-30,0.14
1999-05-31,1999-05-31,1999-06-06,0.24022346368715083
1999-06-07,1999-06-07,1999-06-13,0.3131868131868132
1999-06-14,1999-06-14,1999-06-20,0.42857142857142855
1999-06-21,1999-06-21,1999-06-27,0.3551912568306011
1999-06-28,1999-06-28,1999-07-04,0.36363636363636365
1999-07-05,1999-07-05,1999-07-11,0.2645161290322581
1999-07-12,1999-07-12,1999-07-18,0.2781456953642384
1999-07-19,1999-07-19,1999-07-25,0.2392638036809816
1999-07-26,1999-07-26,1999-08-01,0.0916030534351145
1999-08-02,1999-08-02,1999-08-08,0.09923664122137404
1999-08-09,1999-08-09,1999-08-15,0.1592920353982301
1999-08-16,1999-08-16,1999-08-22,0.1532258064516129
1999-08-23,1999-08-23,1999-08-29,0.08333333333333333
1999-08-30,1999-08-30,1999-09-05,0.4
1999-09-06,1999-09-06,1999-09-12,0.2222222222222222
1999-09-13,1999-09-13,1999-09-19,0.21428571428571427
1999-09-20,1999-09-20,1999-09-26,0.05555555555555555
1999-09-27,1999-09-27,1999-10-03,0.0
1999-10-04,1999-10-04,1999-10-10,0.0
1999-10-11,1999-10-11,1999-10-17,0.0625
1999-10-18,1999-10-18,1999-10-24,0.3
1999-10-25,1999-10-25,1999-10-31,0.2727272727272727
1999-11-01,1999-11-01,1999-11-07,0.0
1999-11-08,1999-11-08,1999-11-14,0.0
1999-11-15,1999-11-15,1999-11-21,0.14285714285714285
1999-11-22,1999-11-22,1999-11-28,0.0
1999-11-29,1999-11-29,1999-12-05,0.0
1999-12-06,1999-12-06,1999-12-12,0.0
1999-12-13,1999-12-13,1999-12-19,0.0
1999-12-20,1999-12-20,1999-12-26,0.0
1999-12-27,1999-12-27,2000-01-02,0.0
2000-01-03,2000-01-03,2000-01-09,0.0
2000-01-10,2000-01-10,2000-01-16,0.05263157894736842
2000-01-17,2000-01-17,2000-01-23,0.0
2000-01-24,2000-01-24,2000-01-30,0.0
2000-01-31,2000-01-31,2000-02-06,0.0
2000-02-07,2000-02-07,2000-02-13,0.0
2000-02-14,2000-02-14,2000-02-20,0.0
2000-02-21,2000-02-21,2000-02-27,0.0
2000-02-28,2000-02-28,2000-03-05,0.0
2000-03-06,2000-03-06,2000-03-12,0.23076923076923078
2000-03-13,2000-03-13,2000-03-19,0.16
2000-03-20,2000-03-20,2000-03-26,0.06666666666666667
2000-03-27,2000-03-27,2000-04-02,0.0
2000-04-03,2000-04-03,2000-04-09,0.08333333333333333
2000-04-10,2000-04-10,2000-04-16,0.08333333333333333
2000-04-17,2000-04-17,2000-04-23,0.06451612903225806
2000-04-24,2000-04-24,2000-04-30,0.1111111111111111
2000-05-01,2000-05-01,2000-05-07,0.2608695652173913
2000-05-08,2000-05-08,2000-05-14,0.1836734693877551
2000-05-15,2000-05-15,2000-05-21,0.1951219512195122
2000-05-22,2000-05-22,2000-05-28,0.18333333333333332
2000-05-29,2000-05-29,2000-06-04,0.14864864864864866
2000-06-05,2000-06-05,2000-06-11,0.13432835820895522
2000-06-12,2000-06-12,2000-06-18,0.12962962962962962
2000-06-19,2000-06-19,2000-06-25,0.11627906976744186
2000-06-26,2000-06-26,2000-07-02,0.06666666666666667
2000-07-03,2000-07-03,2000-07-09,0.07692307692307693
2000-07-10,2000-07-10,2000-07-16,0.1111111111111111
2000-07-17,2000-07-17,2000-07-23,0.07547169811320754
2000-07-24,2000-07-24,2000-07-30,0.0380952380952381
2000-07-31,2000-07-31,2000-08-06,0.023255813953488372
2000-08-07,2000-08-07,2000-08-13,0.0
2000-08-14,2000-08-14,2000-08-20,0.05555555555555555
2000-08-21,2000-08-21,2000-08-27,0.125
2000-08-28,2000-08-28,2000-09-03,0.35294117647058826
2000-09-04,2000-09-04,2000-09-10,0.06451612903225806
2000-09-11,2000-09-11,2000-09-17,0.2127659574468085
2000-09-18,2000-09-18,2000-09-24,0.0
2000-09-25,2000-09-25,2000-10-01,0.0
2000-10-02,2000-10-02,2000-10-08,0.0
2000-10-09,2000-10-09,2000-10-15,0.0
2000-10-16,2000-10-16,2000-10-22,0.0
2000-10-23,2000-10-23,2000-10-29,0.0
2000-12-25,2000-12-25,2000-12-31,0.0
2001-01-01,2001-01-01,2001-01-07,0.0
2001-01-08,2001-01-08,2001-01-14,0.0
2001-01-15,2001-01-15,2001-01-21,0.0
2001-01-22,2001-01-22,2001-01-28,0.0
2001-01-29,2001-01-29,2001-02-04,0.0
2001-02-05,2001-02-05,2001-02-11,0.0
2001-02-12,2001-02-12,2001-02-18,0.0
2001-02-19,2001-02-19,2001-02-25,0.0
2001-02-26,2001-02-26,2001-03-04,0.0
2001-03-05,2001-03-05,2001-03-11,0.0
2001-03-12,2001-03-12,2001-03-18,0.0
2001-03-19,2001-03-19,2001-03-25,0.0
2001-03-26,2001-03-26,2001-04-01,0.0
2001-04-02,2001-04-02,2001-04-08,0.0625
2001-04-09,2001-04-09,2001-04-15,0.08695652173913043
2001-04-16,2001-04-16,2001-04-22,0.1388888888888889
2001-04-23,2001-04-23,2001-04-29,0.0
2001-04-30,2001-04-30,2001-05-06,0.0625
2001-05-07,2001-05-07,2001-05-13,0.125
2001-05-14,2001-05-14,2001-05-20,0.12
2001-05-21,2001-05-21,2001-05-27,0.1346153846153846
2001-05-28,2001-05-28,2001-06-03,0.25862068965517243
2001-06-04,2001-06-04,2001-06-10,0.17391304347826086
2001-06-11,2001-06-11,2001-06-17,0.22807017543859648
2001-06-18,2001-06-18,2001-06-24,0.18032786885245902
2001-06-25,2001-06-25,2001-07-01,0.275
2001-07-02,2001-07-02,2001-07-08,0.21428571428571427
2001-07-09,2001-07-09,2001-07-15,0.17073170731707318
2001-07-16,2001-07-16,2001-07-22,0.2413793103448276
2001-07-23,2001-07-23,2001-07-29,0.2631578947368421
2001-07-30,2001-07-30,2001-08-05,0.06666666666666667
2001-08-06,2001-08-06,2001-08-12,0.6
2001-08-13,2001-08-13,2001-08-19,0.25
2001-08-20,2001-08-20,2001-08-26,0.3125
2001-08-27,2001-08-27,2001-09-02,0.3181818181818182
2001-09-03,2001-09-03,2001-09-09,0.08333333333333333
2001-09-10,2001-09-10,2001-09-16,0.16129032258064516
2001-09-17,2001-09-17,2001-09-23,0.07692307692307693
2001-09-24,2001-09-24,2001-09-30,0.09090909090909091
2001-10-01,2001-10-01,2001-10-07,0.0625
2001-10-08,2001-10-08,2001-10-14,0.03333333333333333
2001-10-15,2001-10-15,2001-10-21,0.0
2001-10-22,2001-10-22,2001-10-28,0.0
2001-10-29,2001-10-29,2001-11-04,0.0
2001-11-05,2001-11-05,2001-11-11,inf
2001-11-12,2001-11-12,2001-11-18,0.0
2001-11-19,2001-11-19,2001-11-25,0.0
2001-11-26,2001-11-26,2001-12-02,0.0
2001-12-03,2001-12-03,2001-12-09,0.0
2001-12-10,2001-12-10,2001-12-16,0.0
2001-12-24,2001-12-24,2001-12-30,0.0
2001-12-31,2001-12-31,2002-01-06,0.0
2002-01-07,2002-01-07,2002-01-13,0.07692307692307693
2002-01-14,2002-01-14,2002-01-20,0.0
2002-01-21,2002-01-21,2002-01-27,0.0
2002-01-28,2002-01-28,2002-02-03,0.030303030303030304
2002-02-04,2002-02-04,2002-02-10,0.08333333333333333
2002-02-11,2002-02-11,2002-02-17,0.16666666666666666
2002-02-18,2002-02-18,2002-02-24,0.0
2002-02-25,2002-02-25,2002-03-03,0.023809523809523808
2002-03-04,2002-03-04,2002-03-10,0.07407407407407407
2002-03-11,2002-03-11,2002-03-17,0.02564102564102564
2002-03-18,2002-03-18,2002-03-24,0.125
2002-03-25,2002-03-25,2002-03-31,0.041666666666666664
2002-04-01,2002-04-01,2002-04-07,0.047058823529411764
2002-04-08,2002-04-08,2002-04-14,0.054945054945054944
2002-04-15,2002-04-15,2002-04-21,0.013986013986013986
2002-04-22,2002-04-22,2002-04-28,0.03468208092485549
2002-04-29,2002-04-29,2002-05-05,0.008849557522123894
2002-05-06,2002-05-06,2002-05-12,0.007905138339920948
2002-05-13,2002-05-13,2002-05-19,0.02654867256637168
2002-05-20,2002-05-20,2002-05-26,0.03271028037383177
2002-05-27,2002-05-27,2002-06-02,0.02654867256637168
2002-06-03,2002-06-03,2002-06-09,0.07586206896551724
2002-06-10,2002-06-10,2002-06-16,0.05223880597014925
2002-06-17,2002-06-17,2002-06-23,0.09090909090909091
2002-06-24,2002-06-24,2002-06-30,0.08888888888888889
2002-07-01,2002-07-01,2002-07-07,0.04405286343612335
2002-07-08,2002-07-08,2002-07-14,0.07058823529411765
2002-07-15,2002-07-15,2002-07-21,0.04591836734693878
2002-07-22,2002-07-22,2002-07-28,0.14485981308411214
2002-07-29,2002-07-29,2002-08-04,0.026845637583892617
2002-08-05,2002-08-05,2002-08-11,0.05128205128205128
2002-08-12,2002-08-12,2002-08-18,0.11627906976744186
2002-08-19,2002-08-19,2002-08-25,0.15384615384615385
2002-08-26,2002-08-26,2002-09-01,0.2631578947368421
2002-09-02,2002-09-02,2002-09-08,0.03225806451612903
2002-09-09,2002-09-09,2002-09-15,0.17647058823529413
2002-09-16,2002-09-16,2002-09-22,0.1
2002-09-23,2002-09-23,2002-09-29,0.21052631578947367
2002-09-30,2002-09-30,2002-10-06,0.7142857142857143
2002-10-07,2002-10-07,2002-10-13,0.5
2002-10-14,2002-10-14,2002-10-20,0.2727272727272727
2002-10-21,2002-10-21,2002-10-27,0.25
2002-10-28,2002-10-28,2002-11-03,0.11764705882352941
2002-11-04,2002-11-04,2002-11-10,0.2857142857142857
2002-11-11,2002-11-11,2002-11-17,0.25
2002-11-18,2002-11-18,2002-11-24,0.13333333333333333
2002-11-25,2002-11-25,2002-12-01,1.0
2002-12-02,2002-12-02,2002-12-08,0.625
2002-12-09,2002-12-09,2002-12-15,0.25
2002-12-16,2002-12-16,2002-12-22,0.0
2002-12-23,2002-12-23,2002-12-29,0.0
2002-12-30,2002-12-30,2003-01-05,0.0
2003-01-06,2003-01-06,2003-01-12,0.0
2003-01-13,2003-01-13,2003-01-19,0.0
2003-01-20,2003-01-20,2003-01-26,0.0
2003-01-27,2003-01-27,2003-02-02,0.0
2003-02-03,2003-02-03,2003-02-09,0.0
2003-02-10,2003-02-10,2003-02-16,0.08333333333333333
2003-02-17,2003-02-17,2003-02-23,0.0
2003-02-24,2003-02-24,2003-03-02,0.13333333333333333
2003-03-03,2003-03-03,2003-03-09,0.0
2003-03-10,2003-03-10,2003-03-16,0.0
2003-03-17,2003-03-17,2003-03-23,0.09090909090909091
2003-03-24,2003-03-24,2003-03-30,0.0
2003-03-31,2003-03-31,2003-04-06,0.0
2003-04-07,2003-04-07,2003-04-13,0.0
2003-04-14,2003-04-14,2003-04-20,0.2
2003-04-21,2003-04-21,2003-04-27,0.07142857142857142
2003-04-28,2003-04-28,2003-05-04,0.0
2003-05-05,2003-05-05,2003-05-11,0.07142857142857142
2003-05-12,2003-05-12,2003-05-18,0.19230769230769232
2003-05-19,2003-05-19,2003-05-25,0.20588235294117646
2003-05-26,2003-05-26,2003-06-01,0.4666666666666667
2003-06-02,2003-06-02,2003-06-08,0.2808988764044944
2003-06-09,2003-06-09,2003-06-15,0.39325842696629215
2003-06-16,2003-06-16,2003-06-22,0.42105263157894735
2003-06-23,2003-06-23,2003-06-29,0.2903225806451613
2003-06-30,2003-06-30,2003-07-06,0.2909090909090909
2003-07-07,2003-07-07,2003-07-13,0.35714285714285715
2003-07-14,2003-07-14,2003-07-20,0.2962962962962963
2003-07-21,2003-07-21,2003-07-27,0.19791666666666666
2003-07-28,2003-07-28,2003-08-03,0.17391304347826086
2003-08-04,2003-08-04,2003-08-10,0.05555555555555555
2003-08-11,2003-08-11,2003-08-17,0.07692307692307693
2003-08-18,2003-08-18,2003-08-24,0.0
2003-08-25,2003-08-25,2003-08-31,0.05263157894736842
2003-09-01,2003-09-01,2003-09-07,0.0625
2003-09-08,2003-09-08,2003-09-14,0.13636363636363635
2003-09-15,2003-09-15,2003-09-21,0.21428571428571427
2003-09-22,2003-09-22,2003-09-28,0.13636363636363635
2003-09-29,2003-09-29,2003-10-05,0.125
2003-10-06,2003-10-06,2003-10-12,0.18604651162790697
2003-10-13,2003-10-13,2003-10-19,0.0
2003-10-20,2003-10-20,2003-10-26,0.0
2003-10-27,2003-10-27,2003-11-02,0.13043478260869565
2003-11-03,2003-11-03,2003-11-09,0.0
2003-11-10,2003-11-10,2003-11-16,0.0
2003-11-17,2003-11-17,2003-11-23,0.0
2003-11-24,2003-11-24,2003-11-30,0.0
2003-12-01,2003-12-01,2003-12-07,0.0
2003-12-08,2003-12-08,2003-12-14,0.2857142857142857
2003-12-15,2003-12-15,2003-12-21,0.0
2003-12-22,2003-12-22,2003-12-28,0.0
2003-12-29,2003-12-29,2004-01-04,0.14285714285714285
2004-01-05,2004-01-05,2004-01-11,0.2
2004-01-12,2004-01-12,2004-01-18,0.2222222222222222
2004-01-19,2004-01-19,2004-01-25,0.0
2004-01-26,2004-01-26,2004-02-01,0.26666666666666666
2004-02-02,2004-02-02,2004-02-08,0.2222222222222222
2004-02-09,2004-02-09,2004-02-15,0.09523809523809523
2004-02-16,2004-02-16,2004-02-22,0.16666666666666666
2004-02-23,2004-02-23,2004-02-29,0.15625
2004-03-01,2004-03-01,2004-03-07,0.16666666666666666
2004-03-08,2004-03-08,2004-03-14,0.07407407407407407
2004-03-15,2004-03-15,2004-03-21,0.23333333333333334
2004-03-22,2004-03-22,2004-03-28,0.029411764705882353
2004-03-29,2004-03-29,2004-04-04,0.09523809523809523
2004-04-05,2004-04-05,2004-04-11,0.0
2004-04-12,2004-04-12,2004-04-18,0.0625
2004-04-19,2004-04-19,2004-04-25,0.07142857142857142
2004-04-26,2004-04-26,2004-05-02,0.0
2004-05-03,2004-05-03,2004-05-09,0.0
2004-05-10,2004-05-10,2004-05-16,0.038461538461538464
2004-05-17,2004-05-17,2004-05-23,0.0
2004-05-24,2004-05-24,2004-05-30,0.13043478260869565
2004-05-31,2004-05-31,2004-06-06,0.1724137931034483
2004-06-07,2004-06-07,2004-06-13,0.16279069767441862
2004-06-14,2004-06-14,2004-06-20,0.1875
2004-06-21,2004-06-21,2004-06-27,0.125
2004-06-28,2004-06-28,2004-07-04,0.23809523809523808
2004-07-05,2004-07-05,2004-07-11,0.26666666666666666
2004-07-12,2004-07-12,2004-07-18,0.14285714285714285
2004-07-19,2004-07-19,2004-07-25,0.21428571428571427
2004-07-26,2004-07-26,2004-08-01,0.2692307692307692
2004-08-02,2004-08-02,2004-08-08,0.5625
2004-08-09,2004-08-09,2004-08-15,0.7391304347826086
2004-08-16,2004-08-16,2004-08-22,0.25
2004-08-23,2004-08-23,2004-08-29,0.0
2004-08-30,2004-08-30,2004-09-05,0.07142857142857142
2004-09-06,2004-09-06,2004-09-12,0.0
2004-09-13,2004-09-13,2004-09-19,0.05263157894736842
2004-09-20,2004-09-20,2004-09-26,0.06666666666666667
2004-09-27,2004-09-27,2004-10-03,0.0
2004-10-04,2004-10-04,2004-10-10,0.02631578947368421
2004-10-11,2004-10-11,2004-10-17,0.0
2004-10-18,2004-10-18,2004-10-24,0.06451612903225806
2004-10-25,2004-10-25,2004-10-31,0.1
2004-11-01,2004-11-01,2004-11-07,0.09090909090909091
2004-11-08,2004-11-08,2004-11-14,0.07142857142857142
2004-11-15,2004-11-15,2004-11-21,0.0
2004-11-22,2004-11-22,2004-11-28,0.08333333333333333
2004-11-29,2004-11-29,2004-12-05,0.0
2004-12-06,2004-12-06,2004-12-12,0.36
2004-12-13,2004-12-13,2004-12-19,0.4230769230769231
2004-12-20,2004-12-20,2004-12-26,0.2777777777777778
2004-12-27,2004-12-27,2005-01-02,1.0
2005-01-03,2005-01-03,2005-01-09,0.5882352941176471
2005-01-10,2005-01-10,2005-01-16,0.16666666666666666
2005-01-17,2005-01-17,2005-01-23,0.11764705882352941
2005-01-24,2005-01-24,2005-01-30,0.09090909090909091
2005-01-31,2005-01-31,2005-02-06,0.21052631578947367
2005-02-07,2005-02-07,2005-02-13,0.08
2005-02-14,2005-02-14,2005-02-20,0.023255813953488372
2005-02-21,2005-02-21,2005-02-27,0.0
2005-02-28,2005-02-28,2005-03-06,0.0
2005-03-07,2005-03-07,2005-03-13,0.0
2005-03-14,2005-03-14,2005-03-20,0.0
2005-03-21,2005-03-21,2005-03-27,0.0
2005-03-28,2005-03-28,2005-04-03,0.0
2005-04-04,2005-04-04,2005-04-10,0.0
2005-04-11,2005-04-11,2005-04-17,0.028169014084507043
2005-04-18,2005-04-18,2005-04-24,0.0273972602739726
2005-04-25,2005-04-25,2005-05-01,0.07228915662650602
2005-05-02,2005-05-02,2005-05-08,0.09649122807017543
2005-05-09,2005-05-09,2005-05-15,0.25510204081632654
2005-05-16,2005-05-16,2005-05-22,0.367816091954023
2005-05-23,2005-05-23,2005-05-29,0.5206611570247934
2005-05-30,2005-05-30,2005-06-05,0.5795454545454546
2005-06-06,2005-06-06,2005-06-12,0.5656565656565656
2005-06-13,2005-06-13,2005-06-19,0.47297297297297297
2005-06-20,2005-06-20,2005-06-26,0.4267515923566879
2005-06-27,2005-06-27,2005-07-03,0.3113207547169811
2005-07-04,2005-07-04,2005-07-10,0.3
2005-07-11,2005-07-11,2005-07-17,0.40789473684210525
2005-07-18,2005-07-18,2005-07-24,0.2413793103448276
2005-07-25,2005-07-25,2005-07-31,0.22448979591836735
2005-08-01,2005-08-01,2005-08-07,0.34782608695652173
2005-08-08,2005-08-08,2005-08-14,0.28125
2005-08-15,2005-08-15,2005-08-21,0.3142857142857143
2005-08-22,2005-08-22,2005-08-28,0.2857142857142857
2005-08-29,2005-08-29,2005-09-04,0.2692307692307692
2005-09-05,2005-09-05,2005-09-11,0.06818181818181818
2005-09-12,2005-09-12,2005-09-18,0.08695652173913043
2005-09-19,2005-09-19,2005-09-25,0.11764705882352941
2005-09-26,2005-09-26,2005-10-02,0.04
2005-10-03,2005-10-03,2005-10-09,0.05555555555555555
2005-10-10,2005-10-10,2005-10-16,0.0
2005-10-17,2005-10-17,2005-10-23,0.0
2005-10-24,2005-10-24,2005-10-30,0.0
2005-10-31,2005-10-31,2005-11-06,0.0
2005-11-07,2005-11-07,2005-11-13,0.47619047619047616
2005-11-14,2005-11-14,2005-11-20,0.07407407407407407
2005-11-21,2005-11-21,2005-11-27,0.0
2005-11-28,2005-11-28,2005-12-04,0.3157894736842105
2005-12-05,2005-12-05,2005-12-11,0.8235294117647058
2005-12-12,2005-12-12,2005-12-18,0.7727272727272727
2005-12-19,2005-12-19,2005-12-25,0.8125
2005-12-26,2005-12-26,2006-01-01,0.6153846153846154
2006-01-02,2006-01-02,2006-01-08,0.5
2006-01-09,2006-01-09,2006-01-15,0.6470588235294118
2006-01-16,2006-01-16,2006-01-22,0.6363636363636364
2006-01-23,2006-01-23,2006-01-29,0.23809523809523808
2006-01-30,2006-01-30,2006-02-05,0.038461538461538464
2006-02-06,2006-02-06,2006-02-12,0.043478260869565216
2006-02-13,2006-02-13,2006-02-19,0.11428571428571428
2006-02-20,2006-02-20,2006-02-26,0.08
2006-02-27,2006-02-27,2006-03-05,0.03571428571428571
2006-03-06,2006-03-06,2006-03-12,0.17857142857142858
2006-03-13,2006-03-13,2006-03-19,0.0967741935483871
2006-03-20,2006-03-20,2006-03-26,0.0
2006-03-27,2006-03-27,2006-04-02,0.058823529411764705
2006-04-03,2006-04-03,2006-04-09,0.05263157894736842
2006-04-10,2006-04-10,2006-04-16,0.03225806451612903
2006-04-17,2006-04-17,2006-04-23,0.06818181818181818
2006-04-24,2006-04-24,2006-04-30,0.037037037037037035
2006-05-01,2006-05-01,2006-05-07,0.1956521739130435
2006-05-08,2006-05-08,2006-05-14,0.3333333333333333
2006-05-15,2006-05-15,2006-05-21,0.3670886075949367
2006-05-22,2006-05-22,2006-05-28,0.510752688172043
2006-05-29,2006-05-29,2006-06-04,0.48258706467661694
2006-06-05,2006-06-05,2006-06-11,0.4866920152091255
2006-06-12,2006-06-12,2006-06-18,0.42857142857142855
2006-06-19,2006-06-19,2006-06-25,0.32727272727272727
2006-06-26,2006-06-26,2006-07-02,0.38235294117647056
2006-07-03,2006-07-03,2006-07-09,0.17142857142857143
2006-07-10,2006-07-10,2006-07-16,0.23809523809523808
2006-07-17,2006-07-17,2006-07-23,0.13043478260869565
2006-07-24,2006-07-24,2006-07-30,0.2
2006-07-31,2006-07-31,2006-08-06,0.13793103448275862
2006-08-07,2006-08-07,2006-08-13,0.45454545454545453
2006-08-14,2006-08-14,2006-08-20,0.0
2006-08-21,2006-08-21,2006-08-27,0.23076923076923078
2006-08-28,2006-08-28,2006-09-03,0.2692307692307692
2006-09-04,2006-09-04,2006-09-10,0.17391304347826086
2006-09-11,2006-09-11,2006-09-17,0.3076923076923077
2006-09-18,2006-09-18,2006-09-24,0.3787878787878788
2006-09-25,2006-09-25,2006-10-01,0.3125
2006-10-02,2006-10-02,2006-10-08,0.2361111111111111
2006-10-09,2006-10-09,2006-10-15,0.4794520547945205
2006-10-16,2006-10-16,2006-10-22,0.4153846153846154
2006-10-23,2006-10-23,2006-10-29,0.3888888888888889
2006-10-30,2006-10-30,2006-11-05,0.17647058823529413
2006-11-06,2006-11-06,2006-11-12,0.09259259259259259
2006-11-13,2006-11-13,2006-11-19,0.0784313725490196
2006-11-20,2006-11-20,2006-11-26,0.0
2006-11-27,2006-11-27,2006-12-03,0.023255813953488372
2006-12-04,2006-12-04,2006-12-10,0.08771929824561403
2006-12-11,2006-12-11,2006-12-17,0.09230769230769231
2006-12-18,2006-12-18,2006-12-24,0.05263157894736842
2006-12-25,2006-12-25,2006-12-31,0.0
2007-01-01,2007-01-01,2007-01-07,0.14285714285714285
2007-01-08,2007-01-08,2007-01-14,0.11864406779661017
2007-01-15,2007-01-15,2007-01-21,0.14
2007-01-22,2007-01-22,2007-01-28,0.06315789473684211
2007-01-29,2007-01-29,2007-02-04,0.16
2007-02-05,2007-02-05,2007-02-11,0.19696969696969696
2007-02-12,2007-02-12,2007-02-18,0.05660377358490566
2007-02-19,2007-02-19,2007-02-25,0.1891891891891892
2007-02-26,2007-02-26,2007-03-04,0.11428571428571428
2007-03-05,2007-03-05,2007-03-11,0.09090909090909091
2007-03-12,2007-03-12,2007-03-18,0.18292682926829268
2007-03-19,2007-03-19,2007-03-25,0.125
2007-03-26,2007-03-26,2007-04-01,0.05384615384615385
2007-04-02,2007-04-02,2007-04-08,0.009900990099009901
2007-04-09,2007-04-09,2007-04-15,0.10526315789473684
2007-04-16,2007-04-16,2007-04-22,0.023255813953488372
2007-04-23,2007-04-23,2007-04-29,0.018691588785046728
2007-04-30,2007-04-30,2007-05-06,0.02040816326530612
2007-05-07,2007-05-07,2007-05-13,0.03759398496240601
2007-05-14,2007-05-14,2007-05-20,0.040983606557377046
2007-05-21,2007-05-21,2007-05-27,0.03571428571428571
2007-05-28,2007-05-28,2007-06-03,0.05755395683453238
2007-06-04,2007-06-04,2007-06-10,0.07407407407407407
2007-06-11,2007-06-11,2007-06-17,0.05319148936170213
2007-06-18,2007-06-18,2007-06-24,0.03951367781155015
2007-06-25,2007-06-25,2007-07-01,0.05778894472361809
2007-07-02,2007-07-02,2007-07-08,0.09259259259259259
2007-07-09,2007-07-09,2007-07-15,0.27134146341463417
2007-07-16,2007-07-16,2007-07-22,0.16101694915254236
2007-07-23,2007-07-23,2007-07-29,0.1952662721893491
2007-07-30,2007-07-30,2007-08-05,0.19121447028423771
2007-08-06,2007-08-06,2007-08-12,0.16560509554140126
2007-08-13,2007-08-13,2007-08-19,0.22255192878338279
2007-08-20,2007-08-20,2007-08-26,0.15521628498727735
2007-08-27,2007-08-27,2007-09-02,0.09879518072289156
2007-09-03,2007-09-03,2007-09-09,0.4339622641509434
2007-09-10,2007-09-10,2007-09-16,0.5787234042553191
2007-09-17,2007-09-17,2007-09-23,0.2761627906976744
2007-09-24,2007-09-24,2007-09-30,0.8067796610169492
2007-10-01,2007-10-01,2007-10-07,0.1115702479338843
2007-10-08,2007-10-08,2007-10-14,0.13780918727915195
2007-10-15,2007-10-15,2007-10-21,0.069164265129683
2007-10-22,2007-10-22,2007-10-28,0.08303249097472924
2007-10-29,2007-10-29,2007-11-04,0.152
2007-11-05,2007-11-05,2007-11-11,0.18947368421052632
2007-11-12,2007-11-12,2007-11-18,0.12297734627831715
2007-11-19,2007-11-19,2007-11-25,0.13897280966767372
2007-11-26,2007-11-26,2007-12-02,0.06769230769230769
2007-12-03,2007-12-03,2007-12-09,0.31958762886597936
2007-12-10,2007-12-10,2007-12-16,0.12605042016806722
2007-12-17,2007-12-17,2007-12-23,0.5319148936170213
2007-12-24,2007-12-24,2007-12-30,0.09523809523809523
2007-12-31,2007-12-31,2008-01-06,0.07692307692307693
2008-01-07,2008-01-07,2008-01-13,0.21176470588235294
2008-01-14,2008-01-14,2008-01-20,0.11888111888111888
2008-01-21,2008-01-21,2008-01-27,0.0859106529209622
2008-01-28,2008-01-28,2008-02-03,0.11570247933884298
2008-02-04,2008-02-04,2008-02-10,0.11864406779661017
2008-02-11,2008-02-11,2008-02-17,0.05714285714285714
2008-02-18,2008-02-18,2008-02-24,0.03272727272727273
2008-02-25,2008-02-25,2008-03-02,0.037037037037037035
2008-03-03,2008-03-03,2008-03-09,0.021671826625386997
2008-03-10,2008-03-10,2008-03-16,0.03942652329749104
2008-03-17,2008-03-17,2008-03-23,0.011583011583011582
2008-03-24,2008-03-24,2008-03-30,0.04428044280442804
2008-03-31,2008-03-31,2008-04-06,0.06818181818181818
2008-04-07,2008-04-07,2008-04-13,0.061764705882352944
2008-04-14,2008-04-14,2008-04-20,0.060941828254847646
2008-04-21,2008-04-21,2008-04-27,0.07977207977207977
2008-04-28,2008-04-28,2008-05-04,0.08936170212765958
2008-05-05,2008-05-05,2008-05-11,0.07467532467532467
2008-05-12,2008-05-12,2008-05-18,0.096045197740113
2008-05-19,2008-05-19,2008-05-25,0.0873015873015873
2008-05-26,2008-05-26,2008-06-01,0.11869436201780416
2008-06-02,2008-06-02,2008-06-08,0.09602649006622517
2008-06-09,2008-06-09,2008-06-15,0.16620498614958448
2008-06-16,2008-06-16,2008-06-22,0.12222222222222222
2008-06-23,2008-06-23,2008-06-29,0.19313304721030042
2008-06-30,2008-06-30,2008-07-06,0.18478260869565216
2008-07-07,2008-07-07,2008-07-13,0.22062350119904076
2008-07-14,2008-07-14,2008-07-20,0.1763157894736842
2008-07-21,2008-07-21,2008-07-27,0.22033898305084745
2008-07-28,2008-07-28,2008-08-03,0.19384615384615383
2008-08-04,2008-08-04,2008-08-10,0.15517241379310345
2008-08-11,2008-08-11,2008-08-17,0.13360323886639677
2008-08-18,2008-08-18,2008-08-24,0.19879518072289157
2008-08-25,2008-08-25,2008-08-31,0.27364864864864863
2008-09-01,2008-09-01,2008-09-07,0.20833333333333334
2008-09-08,2008-09-08,2008-09-14,0.23958333333333334
2008-09-15,2008-09-15,2008-09-21,0.23509933774834438
2008-09-22,2008-09-22,2008-09-28,0.2639751552795031
2008-09-29,2008-09-29,2008-10-05,0.14381270903010032
2008-10-06,2008-10-06,2008-10-12,0.1574468085106383
2008-10-13,2008-10-13,2008-10-19,0.12418300653594772
2008-10-20,2008-10-20,2008-10-26,0.15040650406504066
2008-10-27,2008-10-27,2008-11-02,0.2411764705882353
2008-11-03,2008-11-03,2008-11-09,0.14644351464435146
2008-11-10,2008-11-10,2008-11-16,0.2152777777777778
2008-11-17,2008-11-17,2008-11-23,0.26857142857142857
2008-11-24,2008-11-24,2008-11-30,0.16756756756756758
2008-12-01,2008-12-01,2008-12-07,0.13214285714285715
2008-12-08,2008-12-08,2008-12-14,0.11162790697674418
2008-12-15,2008-12-15,2008-12-21,0.05394190871369295
2008-12-22,2008-12-22,2008-12-28,0.0
2008-12-29,2008-12-29,2009-01-04,0.029850746268656716
2009-01-05,2009-01-05,2009-01-11,0.039473684210526314
2009-01-12,2009-01-12,2009-01-18,0.04245283018867924
2009-01-19,2009-01-19,2009-01-25,0.03317535545023697
2009-01-26,2009-01-26,2009-02-01,0.0787037037037037
2009-02-02,2009-02-02,2009-02-08,0.035555555555555556
2009-02-09,2009-02-09,2009-02-15,0.07309941520467836
2009-02-16,2009-02-16,2009-02-22,0.07537688442211055
2009-02-23,2009-02-23,2009-03-01,0.030042918454935622
2009-03-02,2009-03-02,2009-03-08,0.030379746835443037
2009-03-09,2009-03-09,2009-03-15,0.013015184381778741
2009-03-16,2009-03-16,2009-03-22,0.027586206896551724
2009-03-23,2009-03-23,2009-03-29,0.026954177897574125
2009-03-30,2009-03-30,2009-04-05,0.027149321266968326
2009-04-06,2009-04-06,2009-04-12,0.045454545454545456
2009-04-13,2009-04-13,2009-04-19,0.05042016806722689
2009-04-20,2009-04-20,2009-04-26,0.06735751295336788
2009-04-27,2009-04-27,2009-05-03,0.07887323943661972
2009-05-04,2009-05-04,2009-05-10,0.1825
2009-05-11,2009-05-11,2009-05-17,0.2576112412177986
2009-05-18,2009-05-18,2009-05-24,0.22247706422018348
2009-05-25,2009-05-25,2009-05-31,0.35121951219512193
2009-06-01,2009-06-01,2009-06-07,0.34823091247672255
2009-06-08,2009-06-08,2009-06-14,0.27608346709470305
2009-06-15,2009-06-15,2009-06-21,0.37755102040816324
2009-06-22,2009-06-22,2009-06-28,0.3338735818476499
2009-06-29,2009-06-29,2009-07-05,0.31683168316831684
2009-07-06,2009-07-06,2009-07-12,0.25384615384615383
2009-07-13,2009-07-13,2009-07-19,0.28745318352059923
2009-07-20,2009-07-20,2009-07-26,0.24329501915708812
2009-07-27,2009-07-27,2009-08-02,0.40041710114702816
2009-08-03,2009-08-03,2009-08-09,0.3802521008403361
2009-08-10,2009-08-10,2009-08-16,0.32898415657036345
2009-08-17,2009-08-17,2009-08-23,0.34119278779472956
2009-08-24,2009-08-24,2009-08-30,0.338855421686747
2009-08-31,2009-08-31,2009-09-06,0.2773224043715847
2009-09-07,2009-09-07,2009-09-13,0.3227665706051873
2009-09-14,2009-09-14,2009-09-20,0.2542892156862745
2009-09-21,2009-09-21,2009-09-27,0.22784810126582278
2009-09-28,2009-09-28,2009-10-04,0.19600499375780275
2009-10-05,2009-10-05,2009-10-11,0.38733031674208146
2009-10-12,2009-10-12,2009-10-18,0.33098139833226425
2009-10-19,2009-10-19,2009-10-25,0.3416856492027335
2009-10-26,2009-10-26,2009-11-01,0.3548632218844985
2009-11-02,2009-11-02,2009-11-08,0.3079044117647059
2009-11-09,2009-11-09,2009-11-15,0.27053571428571427
2009-11-16,2009-11-16,2009-11-22,0.26817752596789424
2009-11-23,2009-11-23,2009-11-29,0.21193232413178986
2009-11-30,2009-11-30,2009-12-06,0.2346688470973017
2009-12-07,2009-12-07,2009-12-13,0.13819875776397517
2009-12-14,2009-12-14,2009-12-20,0.19439421338155516
2009-12-21,2009-12-21,2009-12-27,0.27591973244147155
2009-12-28,2009-12-28,2010-01-03,0.08433734939759036
2010-01-04,2010-01-04,2010-01-10,0.1545338441890166
2010-01-11,2010-01-11,2010-01-17,0.11821471652593486
2010-01-18,2010-01-18,2010-01-24,0.1517509727626459
2010-01-25,2010-01-25,2010-01-31,0.12296110414052698
2010-02-01,2010-02-01,2010-02-07,0.12956419316843346
2010-02-08,2010-02-08,2010-02-14,0.20925925925925926
2010-02-15,2010-02-15,2010-02-21,0.18907563025210083
2010-02-22,2010-02-22,2010-02-28,0.20238095238095238
2010-03-01,2010-03-01,2010-03-07,0.18928571428571428
2010-03-08,2010-03-08,2010-03-14,0.13166485310119697
2010-03-15,2010-03-15,2010-03-21,0.1495798319327731
2010-03-22,2010-03-22,2010-03-28,0.18710134656272148
2010-03-29,2010-03-29,2010-04-04,0.24693376941946035
2010-04-05,2010-04-05,2010-04-11,0.2031386224934612
2010-04-12,2010-04-12,2010-04-18,0.14408233276157806
2010-04-19,2010-04-19,2010-04-25,0.11299435028248588
2010-04-26,2010-04-26,2010-05-02,0.07649667405764966
2010-05-03,2010-05-03,2010-05-09,0.08582089552238806
2010-05-10,2010-05-10,2010-05-16,0.08760951188986232
2010-05-17,2010-05-17,2010-05-23,0.10757409440175632
2010-05-24,2010-05-24,2010-05-30,0.05867970660146699
2010-05-31,2010-05-31,2010-06-06,0.09154113557358054
2010-06-07,2010-06-07,2010-06-13,0.11879259980525804
2010-06-14,2010-06-14,2010-06-20,0.0890909090909091
2010-06-21,2010-06-21,2010-06-27,0.14831981460023175
2010-06-28,2010-06-28,2010-07-04,0.14945919370698132
2010-07-05,2010-07-05,2010-07-11,0.1693548387096774
2010-07-12,2010-07-12,2010-07-18,0.24049586776859505
2010-07-19,2010-07-19,2010-07-25,0.12226720647773279
2010-07-26,2010-07-26,2010-08-01,0.1952232606438214
2010-08-02,2010-08-02,2010-08-08,0.18109452736318407
2010-08-09,2010-08-09,2010-08-15,0.1871345029239766
2010-08-16,2010-08-16,2010-08-22,0.1888268156424581
2010-08-23,2010-08-23,2010-08-29,0.23316708229426433
2010-08-30,2010-08-30,2010-09-05,0.1729518855656697
2010-09-06,2010-09-06,2010-09-12,0.17774762550881953
2010-09-13,2010-09-13,2010-09-19,0.1574307304785894
2010-09-20,2010-09-20,2010-09-26,0.14658385093167703
2010-09-27,2010-09-27,2010-10-03,0.16455696202531644
2010-10-04,2010-10-04,2010-10-10,0.1766029246344207
2010-10-11,2010-10-11,2010-10-17,0.15427302996670367
2010-10-18,2010-10-18,2010-10-24,0.17179215270413573
2010-10-25,2010-10-25,2010-10-31,0.16569200779727095
2010-11-01,2010-11-01,2010-11-07,0.19138276553106212
2010-11-08,2010-11-08,2010-11-14,0.14427860696517414
2010-11-15,2010-11-15,2010-11-21,0.1430722891566265
2010-11-22,2010-11-22,2010-11-28,0.12790697674418605
2010-11-29,2010-11-29,2010-12-05,0.13039014373716631
2010-12-06,2010-12-06,2010-12-12,0.12121212121212122
2010-12-13,2010-12-13,2010-12-19,0.09637046307884856
2010-12-20,2010-12-20,2010-12-26,0.16022099447513813
2010-12-27,2010-12-27,2011-01-02,0.17956656346749225
2011-01-03,2011-01-03,2011-01-09,0.1455223880597015
2011-01-10,2011-01-10,2011-01-16,0.15239477503628446
2011-01-17,2011-01-17,2011-01-23,0.16216216216216217
2011-01-24,2011-01-24,2011-01-30,0.22441860465116278
2011-01-31,2011-01-31,2011-02-06,0.19390243902439025
2011-02-07,2011-02-07,2011-02-13,0.1641025641025641
2011-02-14,2011-02-14,2011-02-20,0.20356612184249628
2011-02-21,2011-02-21,2011-02-27,0.19078104993597952
2011-02-28,2011-02-28,2011-03-06,0.165625
2011-03-07,2011-03-07,2011-03-13,0.19576185671039353
2011-03-14,2011-03-14,2011-03-20,0.1482194417709336
2011-03-21,2011-03-21,2011-03-27,0.1550468262226847
2011-03-28,2011-03-28,2011-04-03,0.13534675615212527
2011-04-04,2011-04-04,2011-04-10,0.14007782101167315
2011-04-11,2011-04-11,2011-04-17,0.1226215644820296
2011-04-18,2011-04-18,2011-04-24,0.10289389067524116
2011-04-25,2011-04-25,2011-05-01,0.10847457627118644
2011-05-02,2011-05-02,2011-05-08,0.12639405204460966
2011-05-09,2011-05-09,2011-05-15,0.12191582002902758
2011-05-16,2011-05-16,2011-05-22,0.13668061366806136
2011-05-23,2011-05-23,2011-05-29,0.20591715976331362
2011-05-30,2011-05-30,2011-06-05,0.24613686534216336
2011-06-06,2011-06-06,2011-06-12,0.26444833625218916
2011-06-13,2011-06-13,2011-06-19,0.26570048309178745
2011-06-20,2011-06-20,2011-06-26,0.20814880425155005
2011-06-27,2011-06-27,2011-07-03,0.17666666666666667
2011-07-04,2011-07-04,2011-07-10,0.20423280423280424
2011-07-11,2011-07-11,2011-07-17,0.140625
2011-07-18,2011-07-18,2011-07-24,0.12529550827423167
2011-07-25,2011-07-25,2011-07-31,0.12354312354312354
2011-08-01,2011-08-01,2011-08-07,0.10801781737193764
2011-08-08,2011-08-08,2011-08-14,0.12337662337662338
2011-08-15,2011-08-15,2011-08-21,0.1303827751196172
2011-08-22,2011-08-22,2011-08-28,0.13370165745856355
2011-08-29,2011-08-29,2011-09-04,0.14756258234519104
2011-09-05,2011-09-05,2011-09-11,0.1544256120527307
2011-09-12,2011-09-12,2011-09-18,0.19168026101141925
2011-09-19,2011-09-19,2011-09-25,0.21024049650892165
2011-09-26,2011-09-26,2011-10-02,0.24741298212605833
2011-10-03,2011-10-03,2011-10-09,0.2784090909090909
2011-10-10,2011-10-10,2011-10-16,0.3014354066985646
2011-10-17,2011-10-17,2011-10-23,0.25775862068965516
2011-10-24,2011-10-24,2011-10-30,0.2403560830860534
2011-10-31,2011-10-31,2011-11-06,0.22312925170068026
2011-11-07,2011-11-07,2011-11-13,0.16313823163138233
2011-11-14,2011-11-14,2011-11-20,0.1316425120772947
2011-11-21,2011-11-21,2011-11-27,0.11908177905308465
2011-11-28,2011-11-28,2011-12-04,0.18114874815905743
2011-12-05,2011-12-05,2011-12-11,0.11804384485666104
2011-12-12,2011-12-12,2011-12-18,0.09619238476953908
2011-12-19,2011-12-19,2011-12-25,0.12213740458015267
2011-12-26,2011-12-26,2012-01-01,0.08641975308641975
2012-01-02,2012-01-02,2012-01-08,0.11971830985915492
2012-01-09,2012-01-09,2012-01-15,0.09295774647887324
2012-01-16,2012-01-16,2012-01-22,0.05864197530864197
2012-01-23,2012-01-23,2012-01-29,0.09693877551020408
2012-01-30,2012-01-30,2012-02-05,0.0715307582260372
2012-02-06,2012-02-06,2012-02-12,0.07712418300653595
2012-02-13,2012-02-13,2012-02-19,0.08284714119019837
2012-02-20,2012-02-20,2012-02-26,0.08172531214528944
2012-02-27,2012-02-27,2012-03-04,0.07089947089947089
2012-03-05,2012-03-05,2012-03-11,0.07563025210084033
2012-03-12,2012-03-12,2012-03-18,0.08393632416787265
2012-03-19,2012-03-19,2012-03-25,0.11297071129707113
2012-03-26,2012-03-26,2012-04-01,0.09581646423751687
2012-04-02,2012-04-02,2012-04-08,0.12233285917496443
2012-04-09,2012-04-09,2012-04-15,0.08099173553719008
2012-04-16,2012-04-16,2012-04-22,0.10619469026548672
2012-04-23,2012-04-23,2012-04-29,0.07560975609756097
2012-04-30,2012-04-30,2012-05-06,0.05705229793977813
2012-05-07,2012-05-07,2012-05-13,0.030395136778115502
2012-05-14,2012-05-14,2012-05-20,0.0757020757020757
2012-05-21,2012-05-21,2012-05-27,0.08736717827626919
2012-05-28,2012-05-28,2012-06-03,0.07166853303471445
2012-06-04,2012-06-04,2012-06-10,0.07917059377945335
2012-06-11,2012-06-11,2012-06-17,0.09329140461215933
2012-06-18,2012-06-18,2012-06-24,0.14900314795383002
2012-06-25,2012-06-25,2012-07-01,0.13904338153503892
2012-07-02,2012-07-02,2012-07-08,0.1254125412541254
2012-07-09,2012-07-09,2012-07-15,0.1147227533460803
2012-07-16,2012-07-16,2012-07-22,0.11960132890365449
2012-07-23,2012-07-23,2012-07-29,0.14285714285714285
2012-07-30,2012-07-30,2012-08-05,0.14194065757818766
2012-08-06,2012-08-06,2012-08-12,0.10941271118262269
2012-08-13,2012-08-13,2012-08-19,0.14649122807017545
2012-08-20,2012-08-20,2012-08-26,0.15946843853820597
2012-08-27,2012-08-27,2012-09-02,0.11598513011152416
2012-09-03,2012-09-03,2012-09-09,0.08663967611336032
2012-09-10,2012-09-10,2012-09-16,0.10275502606105734
2012-09-17,2012-09-17,2012-09-23,0.11521926053310404
2012-09-24,2012-09-24,2012-09-30,0.15682656826568267
2012-10-01,2012-10-01,2012-10-07,0.20614035087719298
2012-10-08,2012-10-08,2012-10-14,0.31144465290806755
2012-10-15,2012-10-15,2012-10-21,0.39232053422370616
2012-10-22,2012-10-22,2012-10-28,0.27851644506648005
2012-10-29,2012-10-29,2012-11-04,0.1520417028670721
2012-11-05,2012-11-05,2012-11-11,0.1806020066889632
2012-11-12,2012-11-12,2012-11-18,0.14332514332514332
2012-11-19,2012-11-19,2012-11-25,0.13047445255474452
2012-11-26,2012-11-26,2012-12-02,0.12123817712811694
2012-12-03,2012-12-03,2012-12-09,0.11525029103608847
2012-12-10,2012-12-10,2012-12-16,0.12348401323042998
2012-12-17,2012-12-17,2012-12-23,0.15450121654501217
2012-12-24,2012-12-24,2012-12-30,0.15681818181818183
2012-12-31,2012-12-31,2013-01-06,0.1791044776119403
2013-01-07,2013-01-07,2013-01-13,0.12091898428053205
2013-01-14,2013-01-14,2013-01-20,0.1459119496855346
2013-01-21,2013-01-21,2013-01-27,0.13219895287958114
2013-01-28,2013-01-28,2013-02-03,0.1291053227633069
2013-02-04,2013-02-04,2013-02-10,0.1431693989071038
2013-02-11,2013-02-11,2013-02-17,0.1383399209486166
2013-02-18,2013-02-18,2013-02-24,0.1534216335540839
2013-02-25,2013-02-25,2013-03-03,0.1523687580025608
2013-03-04,2013-03-04,2013-03-10,0.10472279260780287
2013-03-11,2013-03-11,2013-03-17,0.1509433962264151
2013-03-18,2013-03-18,2013-03-24,0.10510510510510511
2013-03-25,2013-03-25,2013-03-31,0.12113055181695828
2013-04-01,2013-04-01,2013-04-07,0.11376564277588168
2013-04-08,2013-04-08,2013-04-14,0.12052117263843648
2013-04-15,2013-04-15,2013-04-21,0.09634551495016612
2013-04-22,2013-04-22,2013-04-28,0.13904982618771727
2013-04-29,2013-04-29,2013-05-05,0.1313340227507756
2013-05-06,2013-05-06,2013-05-12,0.16412661195779601
2013-05-13,2013-05-13,2013-05-19,0.16405433646812956
2013-05-20,2013-05-20,2013-05-26,0.163846838824577
2013-05-27,2013-05-27,2013-06-02,0.18983402489626555
2013-06-03,2013-06-03,2013-06-09,0.20896946564885496
2013-06-10,2013-06-10,2013-06-16,0.16807432432432431
2013-06-17,2013-06-17,2013-06-23,0.1574585635359116
2013-06-24,2013-06-24,2013-06-30,0.18547595682041218
2013-07-01,2013-07-01,2013-07-07,0.140973630831643
2013-07-08,2013-07-08,2013-07-14,0.13921113689095127
2013-07-15,2013-07-15,2013-07-21,0.10317460317460317
2013-07-22,2013-07-22,2013-07-28,0.1291053227633069
2013-07-29,2013-07-29,2013-08-04,0.10647639956092206
2013-08-05,2013-08-05,2013-08-11,0.13161290322580646
2013-08-12,2013-08-12,2013-08-18,0.12694877505567928
2013-08-19,2013-08-19,2013-08-25,0.13592233009708737
2013-08-26,2013-08-26,2013-09-01,0.15807174887892378
2013-09-02,2013-09-02,2013-09-08,0.12321232123212321
2013-09-09,2013-09-09,2013-09-15,0.13673469387755102
2013-09-16,2013-09-16,2013-09-22,0.13025210084033614
2013-09-23,2013-09-23,2013-09-29,0.13286713286713286
2013-09-30,2013-09-30,2013-10-06,0.13019390581717452
2013-10-07,2013-10-07,2013-10-13,0.1289940828402367
2013-10-14,2013-10-14,2013-10-20,0.12066752246469833
2013-10-21,2013-10-21,2013-10-27,0.13534675615212527
2013-10-28,2013-10-28,2013-11-03,0.11574074074074074
2013-11-04,2013-11-04,2013-11-10,0.11021814006888633
2013-11-11,2013-11-11,2013-11-17,0.1556420233463035
2013-11-18,2013-11-18,2013-11-24,0.14227642276422764
2013-11-25,2013-11-25,2013-12-01,0.14873417721518986
2013-12-02,2013-12-02,2013-12-08,0.12813370473537605
2013-12-09,2013-12-09,2013-12-15,0.14710743801652892
2013-12-16,2013-12-16,2013-12-22,0.17960088691796008
2013-12-23,2013-12-23,2013-12-29,0.172
2013-12-30,2013-12-30,2014-01-05,0.17765042979942694
2014-01-06,2014-01-06,2014-01-12,0.1501597444089457
2014-01-13,2014-01-13,2014-01-19,0.15537190082644628
2014-01-20,2014-01-20,2014-01-26,0.14766839378238342
2014-01-27,2014-01-27,2014-02-02,0.10410958904109589
2014-02-03,2014-02-03,2014-02-09,0.1505235602094241
2014-02-10,2014-02-10,2014-02-16,0.1373873873873874
2014-02-17,2014-02-17,2014-02-23,0.12415349887133183
2014-02-24,2014-02-24,2014-03-02,0.12374581939799331
2014-03-03,2014-03-03,2014-03-09,0.09812568908489526
2014-03-10,2014-03-10,2014-03-16,0.09744214372716199
2014-03-17,2014-03-17,2014-03-23,0.14218009478672985
2014-03-24,2014-03-24,2014-03-30,0.07078507078507079
2014-03-31,2014-03-31,2014-04-06,0.11063829787234042
2014-04-07,2014-04-07,2014-04-13,0.09327217125382263
2014-04-14,2014-04-14,2014-04-20,0.09253246753246754
2014-04-21,2014-04-21,2014-04-27,0.0880597014925373
2014-04-28,2014-04-28,2014-05-04,0.10851063829787234
2014-05-05,2014-05-05,2014-05-11,0.09596928982725528
2014-05-12,2014-05-12,2014-05-18,0.1132404181184669
2014-05-19,2014-05-19,2014-05-25,0.08950617283950617
2014-05-26,2014-05-26,2014-06-01,0.13815789473684212
2014-06-02,2014-06-02,2014-06-08,0.1251840942562592
2014-06-09,2014-06-09,2014-06-15,0.1369472182596291
2014-06-16,2014-06-16,2014-06-22,0.13348946135831383
2014-06-23,2014-06-23,2014-06-29,0.17976031957390146
2014-06-30,2014-06-30,2014-07-06,0.1969309462915601
2014-07-07,2014-07-07,2014-07-13,0.19174434087882822
2014-07-14,2014-07-14,2014-07-20,0.17131474103585656
2014-07-21,2014-07-21,2014-07-27,0.18696883852691218
2014-07-28,2014-07-28,2014-08-03,0.2553606237816764
2014-08-04,2014-08-04,2014-08-10,0.25308641975308643
2014-08-11,2014-08-11,2014-08-17,0.18506493506493507
2014-08-18,2014-08-18,2014-08-24,0.16608996539792387
2014-08-25,2014-08-25,2014-08-31,0.13464991023339318
2014-09-01,2014-09-01,2014-09-07,0.11716171617161716
2014-09-08,2014-09-08,2014-09-14,0.12157534246575342
2014-09-15,2014-09-15,2014-09-21,0.13725490196078433
2014-09-22,2014-09-22,2014-09-28,0.12318840579710146
2014-09-29,2014-09-29,2014-10-05,0.17436974789915966
2014-10-06,2014-10-06,2014-10-12,0.14835164835164835
2014-10-13,2014-10-13,2014-10-19,0.09168081494057725
2014-10-20,2014-10-20,2014-10-26,0.15728155339805824
2014-10-27,2014-10-27,2014-11-02,0.11962616822429907
2014-11-03,2014-11-03,2014-11-09,0.1224105461393597
2014-11-10,2014-11-10,2014-11-16,0.11797752808988764
2014-11-17,2014-11-17,2014-11-23,0.16330645161290322
2014-11-24,2014-11-24,2014-11-30,0.16054158607350097
2014-12-01,2014-12-01,2014-12-07,0.13367609254498714
2014-12-08,2014-12-08,2014-12-14,0.25
2014-12-15,2014-12-15,2014-12-21,0.14285714285714285
2014-12-22,2014-12-22,2014-12-28,0.18333333333333332
2014-12-29,2014-12-29,2015-01-04,0.029411764705882353
2015-01-05,2015-01-05,2015-01-11,0.15416666666666667
2015-01-12,2015-01-12,2015-01-18,0.17117117117117117
2015-01-19,2015-01-19,2015-01-25,0.15123456790123457
2015-01-26,2015-01-26,2015-02-01,0.18198198198198198
2015-02-02,2015-02-02,2015-02-08,0.21143847487001732
2015-02-09,2015-02-09,2015-02-15,0.19611021069692058
2015-02-16,2015-02-16,2015-02-22,0.249185667752443
2015-02-23,2015-02-23,2015-03-01,0.2222222222222222
2015-03-02,2015-03-02,2015-03-08,0.17851959361393324
2015-03-09,2015-03-09,2015-03-15,0.135678391959799
2015-03-16,2015-03-16,2015-03-22,0.1558641975308642
2015-03-23,2015-03-23,2015-03-29,0.12384473197781885
2015-03-30,2015-03-30,2015-04-05,0.16591251885369532
2015-04-06,2015-04-06,2015-04-12,0.15703971119133575
2015-04-13,2015-04-13,2015-04-19,0.1913477537437604
2015-04-20,2015-04-20,2015-04-26,0.13774597495527727
2015-04-27,2015-04-27,2015-05-03,0.14149443561208266
2015-05-04,2015-05-04,2015-05-10,0.1364562118126273
2015-05-11,2015-05-11,2015-05-17,0.1637239165329053
2015-05-18,2015-05-18,2015-05-24,0.18831168831168832
2015-05-25,2015-05-25,2015-05-31,0.18207681365576103
2015-06-01,2015-06-01,2015-06-07,0.22804532577903683
2015-06-08,2015-06-08,2015-06-14,0.23909531502423265
2015-06-15,2015-06-15,2015-06-21,0.2791946308724832
2015-06-22,2015-06-22,2015-06-28,0.28213689482470783
2015-06-29,2015-06-29,2015-07-05,0.2609351432880845
2015-07-06,2015-07-06,2015-07-12,0.21359223300970873
2015-07-13,2015-07-13,2015-07-19,0.16267123287671234
2015-07-20,2015-07-20,2015-07-26,0.14965034965034965
2015-07-27,2015-07-27,2015-08-02,0.15397923875432526
2015-08-03,2015-08-03,2015-08-09,0.10405643738977072
2015-08-10,2015-08-10,2015-08-16,0.11475409836065574
2015-08-17,2015-08-17,2015-08-23,0.11909262759924386
2015-08-24,2015-08-24,2015-08-30,0.10641891891891891
2015-08-31,2015-08-31,2015-09-06,0.11282051282051282
2015-09-07,2015-09-07,2015-09-13,0.10321489001692047
2015-09-14,2015-09-14,2015-09-20,0.09386281588447654
2015-09-21,2015-09-21,2015-09-27,0.1411764705882353
2015-09-28,2015-09-28,2015-10-04,0.12810707456978968
2015-10-05,2015-10-05,2015-10-11,0.13043478260869565
2015-10-12,2015-10-12,2015-10-18,0.13764510779436154
2015-10-19,2015-10-19,2015-10-25,0.13162393162393163
2015-10-26,2015-10-26,2015-11-01,0.14392523364485982
2015-11-02,2015-11-02,2015-11-08,0.08333333333333333
2015-11-09,2015-11-09,2015-11-15,0.08646616541353383
2015-11-16,2015-11-16,2015-11-22,0.10877862595419847
2015-11-23,2015-11-23,2015-11-29,0.11971830985915492
2015-11-30,2015-11-30,2015-12-06,0.08
2015-12-07,2015-12-07,2015-12-13,0.10020876826722339
2015-12-14,2015-12-14,2015-12-20,0.11530398322851153
2015-12-21,2015-12-21,2015-12-27,0.12650602409638553
2015-12-28,2015-12-28,2016-01-03,0.08148148148148149
2016-01-04,2016-01-04,2016-01-10,0.07524752475247524
2016-01-11,2016-01-11,2016-01-17,0.03307086614173228
2016-01-18,2016-01-18,2016-01-24,0.1150070126227209
2016-01-25,2016-01-25,2016-01-31,0.09286675639300135
2016-02-01,2016-02-01,2016-02-07,0.09370816599732262
2016-02-08,2016-02-08,2016-02-14,0.09234507897934387
2016-02-15,2016-02-15,2016-02-21,0.12156862745098039
2016-02-22,2016-02-22,2016-02-28,0.1309255079006772
2016-02-29,2016-02-29,2016-03-06,0.13049645390070921
2016-03-07,2016-03-07,2016-03-13,0.1279229711141678
2016-03-14,2016-03-14,2016-03-20,0.10869565217391304
2016-03-21,2016-03-21,2016-03-27,0.09635036496350365
2016-03-28,2016-03-28,2016-04-03,0.08016877637130802
2016-04-04,2016-04-04,2016-04-10,0.08907363420427554
2016-04-11,2016-04-11,2016-04-17,0.12049689440993788
2016-04-18,2016-04-18,2016-04-24,0.0963855421686747
2016-04-25,2016-04-25,2016-05-01,0.11202185792349727
2016-05-02,2016-05-02,2016-05-08,0.1372854914196568
2016-05-09,2016-05-09,2016-05-15,0.11742892459826947
2016-05-16,2016-05-16,2016-05-22,0.1159235668789809
2016-05-23,2016-05-23,2016-05-29,0.12396694214876033
2016-05-30,2016-05-30,2016-06-05,0.15883668903803133
2016-06-06,2016-06-06,2016-06-12,0.17763845350052246
2016-06-13,2016-06-13,2016-06-19,0.17577197149643706
2016-06-20,2016-06-20,2016-06-26,0.17486338797814208
2016-06-27,2016-06-27,2016-07-03,0.17716535433070865
2016-07-04,2016-07-04,2016-07-10,0.19034482758620688
2016-07-11,2016-07-11,2016-07-17,0.18518518518518517
2016-07-18,2016-07-18,2016-07-24,0.2214765100671141
2016-07-25,2016-07-25,2016-07-31,0.2662251655629139
2016-08-01,2016-08-01,2016-08-07,0.3127690100430416
2016-08-08,2016-08-08,2016-08-14,0.30149253731343284
2016-08-15,2016-08-15,2016-08-21,0.2154696132596685
2016-08-22,2016-08-22,2016-08-28,0.24566088117489987
2016-08-29,2016-08-29,2016-09-04,0.290956749672346
2016-09-05,2016-09-05,2016-09-11,0.22615803814713897
2016-09-12,2016-09-12,2016-09-18,0.18341307814992025
2016-09-19,2016-09-19,2016-09-25,0.15586690017513136
2016-09-26,2016-09-26,2016-10-02,0.13670133729569092
2016-10-03,2016-10-03,2016-10-09,0.12300319488817892
2016-10-10,2016-10-10,2016-10-16,0.1347068145800317
2016-10-17,2016-10-17,2016-10-23,0.1736842105263158
2016-10-24,2016-10-24,2016-10-30,0.1104868913857678
2016-10-31,2016-10-31,2016-11-06,0.16234887737478412
2016-11-07,2016-11-07,2016-11-13,0.1482889733840304
2016-11-14,2016-11-14,2016-11-20,0.13568773234200743
2016-11-21,2016-11-21,2016-11-27,0.07733812949640288
2016-11-28,2016-11-28,2016-12-04,0.14251781472684086
2016-12-05,2016-12-05,2016-12-11,0.12473572938689217
2016-12-12,2016-12-12,2016-12-18,0.10432569974554708
2016-12-19,2016-12-19,2016-12-25,0.14523809523809525
2016-12-26,2016-12-26,2017-01-01,0.08239700374531835
2017-01-02,2017-01-02,2017-01-08,0.09406952965235174
2017-01-09,2017-01-09,2017-01-15,0.11899791231732777
2017-01-16,2017-01-16,2017-01-22,0.0661625708884688
2017-01-23,2017-01-23,2017-01-29,0.08888888888888889
2017-01-30,2017-01-30,2017-02-05,0.09612403100775194
2017-02-06,2017-02-06,2017-02-12,0.060650887573964495
2017-02-13,2017-02-13,2017-02-19,0.058823529411764705
2017-02-20,2017-02-20,2017-02-26,0.08310626702997276
2017-02-27,2017-02-27,2017-03-05,0.0955137481910275
2017-03-06,2017-03-06,2017-03-12,0.08027210884353742
2017-03-13,2017-03-13,2017-03-19,0.07692307692307693
2017-03-20,2017-03-20,2017-03-26,0.06875
2017-03-27,2017-03-27,2017-04-02,0.06473829201101929
2017-04-03,2017-04-03,2017-04-09,0.12880886426592797
2017-04-10,2017-04-10,2017-04-16,0.1564705882352941
2017-04-17,2017-04-17,2017-04-23,0.09020618556701031
2017-04-24,2017-04-24,2017-04-30,0.1265984654731458
2017-05-01,2017-05-01,2017-05-07,0.10503597122302158
2017-05-08,2017-05-08,2017-05-14,0.13591022443890274
2017-05-15,2017-05-15,2017-05-21,0.1374233128834356
2017-05-22,2017-05-22,2017-05-28,0.1317614424410541
2017-05-29,2017-05-29,2017-06-04,0.13224181360201512
2017-06-05,2017-06-05,2017-06-11,0.12110726643598616
2017-06-12,2017-06-12,2017-06-18,0.13853317811408614
2017-06-19,2017-06-19,2017-06-25,0.17091836734693877
2017-06-26,2017-06-26,2017-07-02,0.20098039215686275
2017-07-03,2017-07-03,2017-07-09,0.18543046357615894
2017-07-10,2017-07-10,2017-07-16,0.14470588235294118
2017-07-17,2017-07-17,2017-07-23,0.1703056768558952
2017-07-24,2017-07-24,2017-07-30,0.14699331848552338
2017-07-31,2017-07-31,2017-08-06,0.16234652114597545
2017-08-07,2017-08-07,2017-08-13,0.17671232876712328
2017-08-14,2017-08-14,2017-08-20,0.1633835457705678
2017-08-21,2017-08-21,2017-08-27,0.16356877323420074
2017-08-28,2017-08-28,2017-09-03,0.1917241379310345
2017-09-04,2017-09-04,2017-09-10,0.15570934256055363
2017-09-11,2017-09-11,2017-09-17,0.15845070422535212
2017-09-18,2017-09-18,2017-09-24,0.15151515151515152
2017-09-25,2017-09-25,2017-10-01,0.18872549019607843
2017-10-02,2017-10-02,2017-10-08,0.23180592991913745
2017-10-09,2017-10-09,2017-10-15,0.20534629404617255
2017-10-16,2017-10-16,2017-10-22,0.22811059907834103
2017-10-23,2017-10-23,2017-10-29,0.21696969696969698
2017-10-30,2017-10-30,2017-11-05,0.26639344262295084
2017-11-06,2017-11-06,2017-11-12,0.15091678420310295
2017-11-13,2017-11-13,2017-11-19,0.1917808219178082
2017-11-20,2017-11-20,2017-11-26,0.1760355029585799
2017-11-27,2017-11-27,2017-12-03,0.22522522522522523
2017-12-04,2017-12-04,2017-12-10,0.27090909090909093
2017-12-11,2017-12-11,2017-12-17,0.201949860724234
2017-12-18,2017-12-18,2017-12-24,0.25263157894736843
2017-12-25,2017-12-25,2017-12-31,0.2648648648648649
2018-01-01,2018-01-01,2018-01-07,0.23373493975903614
2018-01-08,2018-01-08,2018-01-14,0.1827956989247312
2018-01-15,2018-01-15,2018-01-21,0.18840579710144928
2018-01-22,2018-01-22,2018-01-28,0.19591346153846154
2018-01-29,2018-01-29,2018-02-04,0.19230769230769232
2018-02-05,2018-02-05,2018-02-11,0.17391304347826086
2018-02-12,2018-02-12,2018-02-18,0.1890547263681592
2018-02-19,2018-02-19,2018-02-25,0.16317991631799164
2018-02-26,2018-02-26,2018-03-04,0.1791044776119403
2018-03-05,2018-03-05,2018-03-11,0.09771309771309772
2018-03-12,2018-03-12,2018-03-18,0.11452810180275716
2018-03-19,2018-03-19,2018-03-25,0.15741789354473387
2018-03-26,2018-03-26,2018-04-01,0.11285714285714285
2018-04-02,2018-04-02,2018-04-08,0.10497981157469717
2018-04-09,2018-04-09,2018-04-15,0.10482758620689656
2018-04-16,2018-04-16,2018-04-22,0.13736263736263737
2018-04-23,2018-04-23,2018-04-29,0.13974358974358975
2018-04-30,2018-04-30,2018-05-06,0.12390924956369982
2018-05-07,2018-05-07,2018-05-13,0.15169366715758467
2018-05-14,2018-05-14,2018-05-20,0.08819875776397515
2018-05-21,2018-05-21,2018-05-27,0.16644823066841416
2018-05-28,2018-05-28,2018-06-03,0.1619718309859155
2018-06-04,2018-06-04,2018-06-10,0.20660146699266504
2018-06-11,2018-06-11,2018-06-17,0.19093406593406592
2018-06-18,2018-06-18,2018-06-24,0.1932245922208281
2018-06-25,2018-06-25,2018-07-01,0.14615384615384616
2018-07-02,2018-07-02,2018-07-08,0.10575635876840696
2018-07-09,2018-07-09,2018-07-15,0.1354309165526676
2018-07-16,2018-07-16,2018-07-22,0.15916398713826366
2018-07-23,2018-07-23,2018-07-29,0.13121546961325967
2018-07-30,2018-07-30,2018-08-05,0.14691943127962084
2018-08-06,2018-08-06,2018-08-12,0.11864406779661017
2018-08-13,2018-08-13,2018-08-19,0.11126961483594865
2018-08-20,2018-08-20,2018-08-26,0.15653495440729484
2018-08-27,2018-08-27,2018-09-02,0.16984126984126985
2018-09-03,2018-09-03,2018-09-09,0.16883116883116883
2018-09-10,2018-09-10,2018-09-16,0.18696186961869618
2018-09-17,2018-09-17,2018-09-23,0.16052631578947368
2018-09-24,2018-09-24,2018-09-30,0.22086720867208673
2018-10-01,2018-10-01,2018-10-07,0.19680851063829788
2018-10-08,2018-10-08,2018-10-14,0.21982758620689655
2018-10-15,2018-10-15,2018-10-21,0.16776750330250992
2018-10-22,2018-10-22,2018-10-28,0.18316831683168316
2018-10-29,2018-10-29,2018-11-04,0.1562913907284768
2018-11-05,2018-11-05,2018-11-11,0.2020997375328084
2018-11-12,2018-11-12,2018-11-18,0.18993135011441648
2018-11-19,2018-11-19,2018-11-25,0.18977119784656796
2018-11-26,2018-11-26,2018-12-02,0.15217391304347827
2018-12-03,2018-12-03,2018-12-09,0.12011577424023155
2018-12-10,2018-12-10,2018-12-16,0.1445966514459665
2018-12-17,2018-12-17,2018-12-23,0.1059245960502693
2018-12-24,2018-12-24,2018-12-30,0.08847184986595175
2018-12-31,2018-12-31,2019-01-06,0.08620689655172414
2019-01-07,2019-01-07,2019-01-13,0.11095505617977527
2019-01-14,2019-01-14,2019-01-20,0.0929936305732484
2019-01-21,2019-01-21,2019-01-27,0.10739856801909307
2019-01-28,2019-01-28,2019-02-03,0.1391509433962264
2019-02-04,2019-02-04,2019-02-10,0.0867237687366167
2019-02-11,2019-02-11,2019-02-17,0.15641711229946523
2019-02-18,2019-02-18,2019-02-24,0.1111111111111111
2019-02-25,2019-02-25,2019-03-03,0.12294182217343579
2019-03-04,2019-03-04,2019-03-10,0.09034907597535935
2019-03-11,2019-03-11,2019-03-17,0.09971777986829727
2019-03-18,2019-03-18,2019-03-24,0.10632911392405063
2019-03-25,2019-03-25,2019-03-31,0.09950248756218906
2019-04-01,2019-04-01,2019-04-07,0.09240506329113925
2019-04-08,2019-04-08,2019-04-14,0.05759803921568627
2019-04-15,2019-04-15,2019-04-21,0.10198675496688742
2019-04-22,2019-04-22,2019-04-28,0.05138339920948617
2019-04-29,2019-04-29,2019-05-05,0.08867667121418826
2019-05-06,2019-05-06,2019-05-12,0.1220159151193634
2019-05-13,2019-05-13,2019-05-19,0.15219721329046088
2019-05-20,2019-05-20,2019-05-26,0.1706758304696449
2019-05-27,2019-05-27,2019-06-02,0.20066889632107024
2019-06-03,2019-06-03,2019-06-09,0.2988357050452781
2019-06-10,2019-06-10,2019-06-16,0.271356783919598
2019-06-17,2019-06-17,2019-06-23,0.21176470588235294
2019-06-24,2019-06-24,2019-06-30,0.19146608315098468
2019-07-01,2019-07-01,2019-07-07,0.17661388550548113
2019-07-08,2019-07-08,2019-07-14,0.16313823163138233
2019-07-15,2019-07-15,2019-07-21,0.18318965517241378
2019-07-22,2019-07-22,2019-07-28,0.13606340819022458
2019-07-29,2019-07-29,2019-08-04,0.1677175283732661
2019-08-05,2019-08-05,2019-08-11,0.18538565629228687
2019-08-12,2019-08-12,2019-08-18,0.14949201741654572
2019-08-19,2019-08-19,2019-08-25,0.15451577801958652
2019-08-26,2019-08-26,2019-09-01,0.15010799136069114
2019-09-02,2019-09-02,2019-09-08,0.19718309859154928
2019-09-09,2019-09-09,2019-09-15,0.20224719101123595
2019-09-16,2019-09-16,2019-09-22,0.18020833333333333
2019-09-23,2019-09-23,2019-09-29,0.20806241872561768
2019-09-30,2019-09-30,2019-10-06,0.20893854748603352
2019-10-07,2019-10-07,2019-10-13,0.2263959390862944
2019-10-14,2019-10-14,2019-10-20,0.19461077844311378
2019-10-21,2019-10-21,2019-10-27,0.2472582253240279
2019-10-28,2019-10-28,2019-11-03,0.3032345013477089
2019-11-04,2019-11-04,2019-11-10,0.37332139659803043
2019-11-11,2019-11-11,2019-11-17,0.31210191082802546
2019-11-18,2019-11-18,2019-11-24,0.2544757033248082
2019-11-25,2019-11-25,2019-12-01,0.250381679389313
2019-12-02,2019-12-02,2019-12-08,0.17826825127334464
2019-12-09,2019-12-09,2019-12-15,0.27845884413309985
2019-12-16,2019-12-16,2019-12-22,0.21283783783783783
2019-12-23,2019-12-23,2019-12-29,0.11275964391691394
2019-12-30,2019-12-30,2020-01-05,0.1220472440944882
2020-01-06,2020-01-06,2020-01-12,0.08776978417266187
2020-01-13,2020-01-13,2020-01-19,0.1119186046511628
2020-01-20,2020-01-20,2020-01-26,0.10925644916540213
2020-01-27,2020-01-27,2020-02-02,0.11735330836454431
2020-02-03,2020-02-03,2020-02-09,0.16236559139784945
2020-02-10,2020-02-10,2020-02-16,0.15560640732265446
2020-02-17,2020-02-17,2020-02-23,0.14367816091954022
2020-02-24,2020-02-24,2020-03-01,0.14285714285714285
2020-03-02,2020-03-02,2020-03-08,0.1282051282051282
2020-03-09,2020-03-09,2020-03-15,0.12975098296199214
2020-03-16,2020-03-16,2020-03-22,0.11148086522462562
2020-03-23,2020-03-23,2020-03-29,0.04905660377358491
2020-03-30,2020-03-30,2020-04-05,0.0684931506849315
2020-04-06,2020-04-06,2020-04-12,0.03132530120481928
2020-04-13,2020-04-13,2020-04-19,0.00625
2020-04-20,2020-04-20,2020-04-26,0.00865051903114187
2020-04-27,2020-04-27,2020-05-03,0.014150943396226415
2020-05-04,2020-05-04,2020-05-10,0.0
2020-05-11,2020-05-11,2020-05-17,0.0
2020-05-18,2020-05-18,2020-05-24,0.0
2020-05-25,2020-05-25,2020-05-31,0.004
2020-06-01,2020-06-01,2020-06-07,0.0
2020-06-08,2020-06-08,2020-06-14,0.00906344410876133
2020-06-15,2020-06-15,2020-06-21,0.003105590062111801
2020-06-22,2020-06-22,2020-06-28,0.0
2020-06-29,2020-06-29,2020-07-05,0.0
2020-07-06,2020-07-06,2020-07-12,0.0028011204481792717
2020-07-13,2020-07-13,2020-07-19,0.0
2020-07-20,2020-07-20,2020-07-26,0.005042016806722689
2020-07-27,2020-07-27,2020-08-02,0.003929273084479371
2020-08-03,2020-08-03,2020-08-09,0.009074410163339383
2020-08-10,2020-08-10,2020-08-16,0.016483516483516484
2020-08-17,2020-08-17,2020-08-23,0.0142602495543672
2020-08-24,2020-08-24,2020-08-30,0.008169934640522876
2020-08-31,2020-08-31,2020-09-06,0.015968063872255488
2020-09-07,2020-09-07,2020-09-13,0.0338409475465313
2020-09-14,2020-09-14,2020-09-20,0.034482758620689655
2020-09-21,2020-09-21,2020-09-27,0.06832298136645963
2020-09-28,2020-09-28,2020-10-04,0.07704918032786885
2020-10-05,2020-10-05,2020-10-11,0.11827956989247312
2020-10-12,2020-10-12,2020-10-18,0.0912863070539419
2020-10-19,2020-10-19,2020-10-25,0.13266998341625208
2020-10-26,2020-10-26,2020-11-01,0.07876712328767123
2020-11-02,2020-11-02,2020-11-08,0.08545454545454545
2020-11-09,2020-11-09,2020-11-15,0.09022556390977443
2020-11-16,2020-11-16,2020-11-22,0.06504065040650407
2020-11-23,2020-11-23,2020-11-29,0.07213578500707214
2020-11-30,2020-11-30,2020-12-06,0.06297709923664122
2020-12-07,2020-12-07,2020-12-13,0.04770017035775128
2020-12-14,2020-12-14,2020-12-20,0.07453416149068323
2020-12-21,2020-12-21,2020-12-27,0.10047846889952153
2020-12-28,2020-12-28,2021-01-03,0.02358490566037736
2021-01-04,2021-01-04,2021-01-10,0.010595130748422003
2021-01-11,2021-01-11,2021-01-17,0.011012782694198623
2021-01-18,2021-01-18,2021-01-24,0.008667013347200554
2021-01-25,2021-01-25,2021-01-31,0.009838216003498032
2021-02-01,2021-02-01,2021-02-07,0.012480840814539085
2021-02-08,2021-02-08,2021-02-14,0.009458864936207656
2021-02-15,2021-02-15,2021-02-21,0.014841254931429645
2021-02-22,2021-02-22,2021-02-28,0.015380859375
2021-03-01,2021-03-01,2021-03-07,0.014015244652077699
2021-03-08,2021-03-08,2021-03-14,0.017970693945258503
2021-03-15,2021-03-15,2021-03-21,0.014488935721812434
2021-03-22,2021-03-22,2021-03-28,0.015493432132030987
2021-03-29,2021-03-29,2021-04-04,0.005067064083457526
2021-04-05,2021-04-05,2021-04-11,0.008302889405513119
2021-04-12,2021-04-12,2021-04-18,0.017094017094017096
2021-04-19,2021-04-19,2021-04-25,0.012461059190031152
2021-04-26,2021-04-26,2021-05-02,0.015880429705744978
2021-05-03,2021-05-03,2021-05-09,0.023622047244094488
2021-05-10,2021-05-10,2021-05-16,0.008112493239588967
2021-05-17,2021-05-17,2021-05-23,0.013184178985217739
2021-05-24,2021-05-24,2021-05-30,0.0155893536121673
2021-05-31,2021-05-31,2021-06-06,0.030864197530864196
2021-06-07,2021-06-07,2021-06-13,0.02532617037605526
2021-06-14,2021-06-14,2021-06-20,0.02231467473524962
2021-06-21,2021-06-21,2021-06-27,0.02145002145002145
2021-06-28,2021-06-28,2021-07-04,0.025679307255897284
2021-07-05,2021-07-05,2021-07-11,0.02155992390615092
2021-07-12,2021-07-12,2021-07-18,0.026263952724885097
2021-07-19,2021-07-19,2021-07-25,0.018032786885245903
2021-07-26,2021-07-26,2021-08-01,0.016237745098039217
2021-08-02,2021-08-02,2021-08-08,0.013388259526261586
2021-08-09,2021-08-09,2021-08-15,0.01939655172413793
2021-08-16,2021-08-16,2021-08-22,0.03821656050955414
2021-08-23,2021-08-23,2021-08-29,0.0767590618336887
2021-08-30,2021-08-30,2021-09-05,0.07523510971786834
2021-09-06,2021-09-06,2021-09-12,0.06294326241134751
2021-09-13,2021-09-13,2021-09-19,0.08195211786372007
2021-09-20,2021-09-20,2021-09-26,0.14994487320837926
2021-09-27,2021-09-27,2021-10-03,0.1440071556350626
2021-10-04,2021-10-04,2021-10-10,0.1396534148827727
2021-10-11,2021-10-11,2021-10-17,0.13310580204778158
2021-10-18,2021-10-18,2021-10-24,0.13756613756613756
2021-10-25,2021-10-25,2021-10-31,0.1510791366906475
2021-11-01,2021-11-01,2021-11-07,0.1931407942238267
2021-11-08,2021-11-08,2021-11-14,0.16777883698760723
2021-11-15,2021-11-15,2021-11-21,0.17058311575282856
2021-11-22,2021-11-22,2021-11-28,0.18736059479553904
2021-11-29,2021-11-29,2021-12-05,0.19212218649517684
2021-12-06,2021-12-06,2021-12-12,0.1407359586830213
2021-12-13,2021-12-13,2021-12-19,0.09452363090772693
2021-12-20,2021-12-20,2021-12-26,0.0981012658227848
2021-12-27,2021-12-27,2022-01-02,0.07909604519774012
2022-01-03,2022-01-03,2022-01-09,0.08377358490566038
2022-01-10,2022-01-10,2022-01-16,0.05092592592592592
2022-01-17,2022-01-17,2022-01-23,0.06343283582089553
2022-01-24,2022-01-24,2022-01-30,0.06494661921708185
2022-01-31,2022-01-31,2022-02-06,0.05104831358249772
2022-02-07,2022-02-07,2022-02-13,0.05772113943028486
2022-02-14,2022-02-14,2022-02-20,0.04701195219123506
2022-02-21,2022-02-21,2022-02-27,0.06164931945556445
2022-02-28,2022-02-28,2022-03-06,0.06666666666666667
2022-03-07,2022-03-07,2022-03-13,0.06626506024096386
2022-03-14,2022-03-14,2022-03-20,0.062116564417177916
2022-03-21,2022-03-21,2022-03-27,0.06471389645776567
2022-03-28,2022-03-28,2022-04-03,0.0761904761904762
2022-04-04,2022-04-04,2022-04-10,0.05983493810178817
2022-04-11,2022-04-11,2022-04-17,0.09335324869305452
2022-04-18,2022-04-18,2022-04-24,0.07109737248840804
2022-04-25,2022-04-25,2022-05-01,0.06762295081967214
2022-05-02,2022-05-02,2022-05-08,0.0857823669579031
2022-05-09,2022-05-09,2022-05-15,0.13107692307692306
2022-05-16,2022-05-16,2022-05-22,0.17587006960556845
2022-05-23,2022-05-23,2022-05-29,0.18523260776781902
2022-05-30,2022-05-30,2022-06-05,0.15789473684210525
2022-06-06,2022-06-06,2022-06-12,0.13089672758181045
2022-06-13,2022-06-13,2022-06-19,0.11226799456767768
2022-06-20,2022-06-20,2022-06-26,0.11321499013806706
2022-06-27,2022-06-27,2022-07-03,0.11602497398543184
2022-07-04,2022-07-04,2022-07-10,0.08649706457925636
2022-07-11,2022-07-11,2022-07-17,0.06310928681375064
2022-07-18,2022-07-18,2022-07-24,0.06932409012131716
2022-07-25,2022-07-25,2022-07-31,0.07897934386391252
2022-08-01,2022-08-01,2022-08-07,0.0675422138836773
2022-08-08,2022-08-08,2022-08-14,0.04981549815498155
2022-08-15,2022-08-15,2022-08-21,0.06761177753544166
2022-08-22,2022-08-22,2022-08-28,0.0880466472303207
2022-08-29,2022-08-29,2022-09-04,0.07707006369426751
2022-09-05,2022-09-05,2022-09-11,0.0935738444193912
2022-09-12,2022-09-12,2022-09-18,0.095
2022-09-19,2022-09-19,2022-09-25,0.08071748878923767
2022-09-26,2022-09-26,2022-10-02,0.07534573199809251
2022-10-03,2022-10-03,2022-10-09,0.09531416400425985
2022-10-10,2022-10-10,2022-10-16,0.08076358296622614
2022-10-17,2022-10-17,2022-10-23,0.07528957528957529
2022-10-24,2022-10-24,2022-10-30,0.08933129147524248
2022-10-31,2022-10-31,2022-11-06,0.07614213197969544
2022-11-07,2022-11-07,2022-11-13,0.0672139558748076
2022-11-14,2022-11-14,2022-11-20,0.061800486618004864
2022-11-21,2022-11-21,2022-11-27,0.06629554655870445
2022-11-28,2022-11-28,2022-12-04,0.1001031991744066
2022-12-05,2022-12-05,2022-12-11,0.09809578765147144
2022-12-12,2022-12-12,2022-12-18,0.10452143276570758
2022-12-19,2022-12-19,2022-12-25,0.11310592459605028
2022-12-26,2022-12-26,2023-01-01,0.09113300492610837
2023-01-02,2023-01-02,2023-01-08,0.08497467642093416
2023-01-09,2023-01-09,2023-01-15,0.047895500725689405
2023-01-16,2023-01-16,2023-01-22,0.05901374292643492
2023-01-23,2023-01-23,2023-01-29,0.05109765329295988
2023-01-30,2023-01-30,2023-02-05,0.04944674965421853
2023-02-06,2023-02-06,2023-02-12,0.055222088835534214
2023-02-13,2023-02-13,2023-02-19,0.06911234850966262
2023-02-20,2023-02-20,2023-02-26,0.0835372247465921
2023-02-27,2023-02-27,2023-03-05,0.08792792792792793
2023-03-06,2023-03-06,2023-03-12,0.07977922729553437
2023-03-13,2023-03-13,2023-03-19,0.0949529512403764
2023-03-20,2023-03-20,2023-03-26,0.10581547879317883
2023-03-27,2023-03-27,2023-04-02,0.09523809523809523
2023-04-03,2023-04-03,2023-04-09,0.09021479713603818
2023-04-10,2023-04-10,2023-04-16,0.07839562443026436
2023-04-17,2023-04-17,2023-04-23,0.07305194805194805
2023-04-24,2023-04-24,2023-04-30,0.06435911303407248
2023-05-01,2023-05-01,2023-05-07,0.06014215418261345
2023-05-08,2023-05-08,2023-05-14,0.07075064710957722
2023-05-15,2023-05-15,2023-05-21,0.09874243129948766
2023-05-22,2023-05-22,2023-05-28,0.12079299216228677
2023-05-29,2023-05-29,2023-06-04,0.13189448441247004
2023-06-05,2023-06-05,2023-06-11,0.09147286821705426
2023-06-12,2023-06-12,2023-06-18,0.07466666666666667
2023-06-19,2023-06-19,2023-06-25,0.08119864668922185
2023-06-26,2023-06-26,2023-07-02,0.07990314769975787
2023-07-03,2023-07-03,2023-07-09,0.08561967833491012
2023-07-10,2023-07-10,2023-07-16,0.07139388052452647
2023-07-17,2023-07-17,2023-07-23,0.08892276422764228
2023-07-24,2023-07-24,2023-07-30,0.08951651507898516
2023-07-31,2023-07-31,2023-08-06,0.0724006532389766
2023-08-07,2023-08-07,2023-08-13,0.10999471179270227
2023-08-14,2023-08-14,2023-08-20,0.07700258397932816
2023-08-21,2023-08-21,2023-08-27,0.08645533141210375
2023-08-28,2023-08-28,2023-09-03,0.08012675418741512
2023-09-04,2023-09-04,2023-09-10,0.08689839572192513
2023-09-11,2023-09-11,2023-09-17,0.10784785748675975
2023-09-18,2023-09-18,2023-09-24,0.1035645472061657
2023-09-25,2023-09-25,2023-10-01,0.08935064935064935
2023-10-02,2023-10-02,2023-10-08,0.0893732970027248
2023-10-09,2023-10-09,2023-10-15,0.08995910949568378
2023-10-16,2023-10-16,2023-10-22,0.07443762781186095
2023-10-23,2023-10-23,2023-10-29,0.09022957821676456
2023-10-30,2023-10-30,2023-11-05,0.09973890339425587
2023-11-06,2023-11-06,2023-11-12,0.09694881889763779
2023-11-13,2023-11-13,2023-11-19,0.10014306151645208
2023-11-20,2023-11-20,2023-11-26,0.10988459608630206
2023-11-27,2023-11-27,2023-12-03,0.10927152317880795
2023-12-04,2023-12-04,2023-12-10,0.09421487603305785
2023-12-11,2023-12-11,2023-12-17,0.09916926272066459
2023-12-18,2023-12-18,2023-12-24,0.10772833723653395
2023-12-25,2023-12-25,2023-12-31,0.12321307011572498
2024-01-01,2024-01-01,2024-01-07,0.11078066914498141
2024-01-08,2024-01-08,2024-01-14,0.11224987798926306
2024-01-15,2024-01-15,2024-01-21,0.09853842527109855
2024-01-22,2024-01-22,2024-01-28,0.0851915380217267
2024-01-29,2024-01-29,2024-02-04,0.07716186252771619
2024-02-05,2024-02-05,2024-02-11,0.06906077348066299
2024-02-12,2024-02-12,2024-02-18,0.0733509234828496
2024-02-19,2024-02-19,2024-02-25,0.07648870636550308
2024-02-26,2024-02-26,2024-03-03,0.06062261059530311
2024-03-04,2024-03-04,2024-03-10,0.0496054114994363
2024-03-11,2024-03-11,2024-03-17,0.05744949494949495
2024-03-18,2024-03-18,2024-03-24,0.04754273504273504
2024-03-25,2024-03-25,2024-03-31,0.03800967519004837
2024-04-01,2024-04-01,2024-04-07,0.04047093451066961
2024-04-08,2024-04-08,2024-04-14,0.053712480252764615
2024-04-15,2024-04-15,2024-04-21,0.05495356037151703
2024-04-22,2024-04-22,2024-04-28,0.0800376647834275
2024-04-29,2024-04-29,2024-05-05,0.13138686131386862
