Date,Wholesale broiler composite,OT,Retail-wholesale spread for broiler composite,date,start_date,end_date
1980-01-01,,93.3039576,,1980-01-01,1980-01-01,1980-01-31
1980-02-01,,92.39119,,1980-02-01,1980-02-01,1980-02-29
1980-03-01,,90.8114008,,1980-03-01,1980-03-01,1980-03-31
1980-04-01,,88.235892,,1980-04-01,1980-04-01,1980-04-30
1980-05-01,,88.5777142,,1980-05-01,1980-05-01,1980-05-31
1980-06-01,,90.2793988,,1980-06-01,1980-06-01,1980-06-30
1980-07-01,,97.53958,,1980-07-01,1980-07-01,1980-07-31
1980-08-01,,101.2356736,,1980-08-01,1980-08-01,1980-08-31
1980-09-01,,106.4478102,,1980-09-01,1980-09-01,1980-09-30
1980-10-01,,105.8828064,,1980-10-01,1980-10-01,1980-10-31
1980-11-01,,104.6288648,,1980-11-01,1980-11-01,1980-11-30
1980-12-01,,104.725368,,1980-12-01,1980-12-01,1980-12-31
1981-01-01,,104.2318882,,1981-01-01,1981-01-01,1981-01-31
1981-02-01,,105.2244048,,1981-02-01,1981-02-01,1981-02-28
1981-03-01,,104.6880228,,1981-03-01,1981-03-01,1981-03-31
1981-04-01,,100.7707424,,1981-04-01,1981-04-01,1981-04-30
1981-05-01,,101.115754,,1981-05-01,1981-05-01,1981-05-31
1981-06-01,,102.1674952,,1981-06-01,1981-06-01,1981-06-30
1981-07-01,,108.646997,,1981-07-01,1981-07-01,1981-07-31
1981-08-01,,106.6293088,,1981-08-01,1981-08-01,1981-08-31
1981-09-01,,104.562828,,1981-09-01,1981-09-01,1981-09-30
1981-10-01,,104.2693858,,1981-10-01,1981-10-01,1981-10-31
1981-11-01,,103.0037,,1981-11-01,1981-11-01,1981-11-30
1981-12-01,,102.241345,,1981-12-01,1981-12-01,1981-12-31
1982-01-01,,104.3393132,,1982-01-01,1982-01-01,1982-01-31
1982-02-01,,105.041272,,1982-02-01,1982-02-01,1982-02-28
1982-03-01,,102.7946548,,1982-03-01,1982-03-01,1982-03-31
1982-04-01,,101.9488548,,1982-04-01,1982-04-01,1982-04-30
1982-05-01,,103.4390286,,1982-05-01,1982-05-01,1982-05-31
1982-06-01,,103.6612094,,1982-06-01,1982-06-01,1982-06-30
1982-07-01,,105.4098888,,1982-07-01,1982-07-01,1982-07-31
1982-08-01,,104.0789592,,1982-08-01,1982-08-01,1982-08-31
1982-09-01,,103.5172,,1982-09-01,1982-09-01,1982-09-30
1982-10-01,,102.4454076,,1982-10-01,1982-10-01,1982-10-31
1982-11-01,,101.300239,,1982-11-01,1982-11-01,1982-11-30
1982-12-01,,100.6421184,,1982-12-01,1982-12-01,1982-12-31
1983-01-01,,100.91756,,1983-01-01,1983-01-01,1983-01-31
1983-02-01,,102.2133514,,1983-02-01,1983-02-01,1983-02-28
1983-03-01,,103.0803168,,1983-03-01,1983-03-01,1983-03-31
1983-04-01,,101.621263,,1983-04-01,1983-04-01,1983-04-30
1983-05-01,,103.1935616,,1983-05-01,1983-05-01,1983-05-31
1983-06-01,,101.455072,,1983-06-01,1983-06-01,1983-06-30
1983-07-01,,105.7291622,,1983-07-01,1983-07-01,1983-07-31
1983-08-01,,106.9239986,,1983-08-01,1983-08-01,1983-08-31
1983-09-01,,110.2481296,,1983-09-01,1983-09-01,1983-09-30
1983-10-01,,105.9618056,,1983-10-01,1983-10-01,1983-10-31
1983-11-01,,108.3355678,,1983-11-01,1983-11-01,1983-11-30
1983-12-01,,114.1350754,,1983-12-01,1983-12-01,1983-12-31
1984-01-01,,120.6977236,,1984-01-01,1984-01-01,1984-01-31
1984-02-01,,125.5589072,,1984-02-01,1984-02-01,1984-02-29
1984-03-01,,124.1408596,,1984-03-01,1984-03-01,1984-03-31
1984-04-01,,122.974829,,1984-04-01,1984-04-01,1984-04-30
1984-05-01,,119.2377432,,1984-05-01,1984-05-01,1984-05-31
1984-06-01,,120.4480128,,1984-06-01,1984-06-01,1984-06-30
1984-07-01,,120.8759936,,1984-07-01,1984-07-01,1984-07-31
1984-08-01,,116.215539,,1984-08-01,1984-08-01,1984-08-31
1984-09-01,,117.94234,,1984-09-01,1984-09-01,1984-09-30
1984-10-01,,114.7877024,,1984-10-01,1984-10-01,1984-10-31
1984-11-01,,114.512484,,1984-11-01,1984-11-01,1984-11-30
1984-12-01,,113.9187144,,1984-12-01,1984-12-01,1984-12-31
1985-01-01,,116.610535,,1985-01-01,1985-01-01,1985-01-31
1985-02-01,,116.3889212,,1985-02-01,1985-02-01,1985-02-28
1985-03-01,,115.2830096,,1985-03-01,1985-03-01,1985-03-31
1985-04-01,,113.0111368,,1985-04-01,1985-04-01,1985-04-30
1985-05-01,,112.843024,,1985-05-01,1985-05-01,1985-05-31
1985-06-01,,114.328076,,1985-06-01,1985-06-01,1985-06-30
1985-07-01,,115.3055992,,1985-07-01,1985-07-01,1985-07-31
1985-08-01,,113.2766336,,1985-08-01,1985-08-01,1985-08-31
1985-09-01,,114.7296,,1985-09-01,1985-09-01,1985-09-30
1985-10-01,,112.6197552,,1985-10-01,1985-10-01,1985-10-31
1985-11-01,,115.8473632,,1985-11-01,1985-11-01,1985-11-30
1985-12-01,,121.074474,,1985-12-01,1985-12-01,1985-12-31
1986-01-01,,119.5894266,,1986-01-01,1986-01-01,1986-01-31
1986-02-01,,117.1964574,,1986-02-01,1986-02-01,1986-02-28
1986-03-01,,115.4630568,,1986-03-01,1986-03-01,1986-03-31
1986-04-01,,116.4438852,,1986-04-01,1986-04-01,1986-04-30
1986-05-01,,116.486737,,1986-05-01,1986-05-01,1986-05-31
1986-06-01,,121.9123852,,1986-06-01,1986-06-01,1986-06-30
1986-07-01,,132.924856,,1986-07-01,1986-07-01,1986-07-31
1986-08-01,,144.088662,,1986-08-01,1986-08-01,1986-08-31
1986-09-01,,139.6933952,,1986-09-01,1986-09-01,1986-09-30
1986-10-01,,136.1910876,,1986-10-01,1986-10-01,1986-10-31
1986-11-01,,137.6625264,,1986-11-01,1986-11-01,1986-11-30
1986-12-01,,137.3675716,,1986-12-01,1986-12-01,1986-12-31
1987-01-01,,130.620512,,1987-01-01,1987-01-01,1987-01-31
1987-02-01,,128.6062912,,1987-02-01,1987-02-01,1987-02-28
1987-03-01,,126.4429248,,1987-03-01,1987-03-01,1987-03-31
1987-04-01,,124.838605,,1987-04-01,1987-04-01,1987-04-30
1987-05-01,,123.2568428,,1987-05-01,1987-05-01,1987-05-31
1987-06-01,,121.884657,,1987-06-01,1987-06-01,1987-06-30
1987-07-01,,119.9991864,,1987-07-01,1987-07-01,1987-07-31
1987-08-01,,123.388214,,1987-08-01,1987-08-01,1987-08-31
1987-09-01,,122.5653976,,1987-09-01,1987-09-01,1987-09-30
1987-10-01,,123.0200188,,1987-10-01,1987-10-01,1987-10-31
1987-11-01,,119.561109,,1987-11-01,1987-11-01,1987-11-30
1987-12-01,,118.9630352,,1987-12-01,1987-12-01,1987-12-31
1988-01-01,,119.2587638,,1988-01-01,1988-01-01,1988-01-31
1988-02-01,,117.2203504,,1988-02-01,1988-02-01,1988-02-29
1988-03-01,,120.362984,,1988-03-01,1988-03-01,1988-03-31
1988-04-01,,121.2307926,,1988-04-01,1988-04-01,1988-04-30
1988-05-01,,126.364757,,1988-05-01,1988-05-01,1988-05-31
1988-06-01,,134.732654,,1988-06-01,1988-06-01,1988-06-30
1988-07-01,,146.3912884,,1988-07-01,1988-07-01,1988-07-31
1988-08-01,,148.071178,,1988-08-01,1988-08-01,1988-08-31
1988-09-01,,148.1555038,,1988-09-01,1988-09-01,1988-09-30
1988-10-01,,144.568045,,1988-10-01,1988-10-01,1988-10-31
1988-11-01,,141.2297488,,1988-11-01,1988-11-01,1988-11-30
1988-12-01,,141.6085104,,1988-12-01,1988-12-01,1988-12-31
1989-01-01,,142.441643,,1989-01-01,1989-01-01,1989-01-31
1989-02-01,,140.5259184,,1989-02-01,1989-02-01,1989-02-28
1989-03-01,,141.5946202,,1989-03-01,1989-03-01,1989-03-31
1989-04-01,,145.5409952,,1989-04-01,1989-04-01,1989-04-30
1989-05-01,,151.398214,,1989-05-01,1989-05-01,1989-05-31
1989-06-01,,158.1133846,,1989-06-01,1989-06-01,1989-06-30
1989-07-01,,155.3472036,,1989-07-01,1989-07-01,1989-07-31
1989-08-01,,152.176598,,1989-08-01,1989-08-01,1989-08-31
1989-09-01,,146.4646338,,1989-09-01,1989-09-01,1989-09-30
1989-10-01,,144.66489,,1989-10-01,1989-10-01,1989-10-31
1989-11-01,,140.381244,,1989-11-01,1989-11-01,1989-11-30
1989-12-01,,140.2829128,,1989-12-01,1989-12-01,1989-12-31
1990-01-01,59.27,139.8430278,80.5730278,1990-01-01,1990-01-01,1990-01-31
1990-02-01,67.63,142.616444,74.986444,1990-02-01,1990-02-01,1990-02-28
1990-03-01,67.78,148.343028,80.563028,1990-03-01,1990-03-01,1990-03-31
1990-04-01,63.64,143.4922484,79.8522484,1990-04-01,1990-04-01,1990-04-30
1990-05-01,66.56,147.9143296,81.3543296,1990-05-01,1990-05-01,1990-05-31
1990-06-01,59.41,148.4474272,89.0374272,1990-06-01,1990-06-01,1990-06-30
1990-07-01,66.95,149.960894,83.010894,1990-07-01,1990-07-01,1990-07-31
1990-08-01,62.05,147.2178242,85.1678242,1990-08-01,1990-08-01,1990-08-31
1990-09-01,64.91,148.5534434,83.6434434,1990-09-01,1990-09-01,1990-09-30
1990-10-01,56.59,145.2224144,88.6324144,1990-10-01,1990-10-01,1990-10-31
1990-11-01,54.98,143.381864,88.401864,1990-11-01,1990-11-01,1990-11-30
1990-12-01,56.32,141.06048,84.74048,1990-12-01,1990-12-01,1990-12-31
1991-01-01,60.17,144.31192,84.14192,1991-01-01,1991-01-01,1991-01-31
1991-02-01,59.08,144.175024,85.095024,1991-02-01,1991-02-01,1991-02-28
1991-03-01,57.46,142.7791984,85.3191984,1991-03-01,1991-03-01,1991-03-31
1991-04-01,61.56,142.165684,80.605684,1991-04-01,1991-04-01,1991-04-30
1991-05-01,61.06,144.9524772,83.8924772,1991-05-01,1991-05-01,1991-05-31
1991-06-01,61.25,144.61,83.36,1991-06-01,1991-06-01,1991-06-30
1991-07-01,58.67,144.89,86.22,1991-07-01,1991-07-01,1991-07-31
1991-08-01,61.97,146.6,84.63,1991-08-01,1991-08-01,1991-08-31
1991-09-01,59.02,143.47,84.45,1991-09-01,1991-09-01,1991-09-30
1991-10-01,56.99,140.71,83.72,1991-10-01,1991-10-01,1991-10-31
1991-11-01,53.52,140.95,87.43,1991-11-01,1991-11-01,1991-11-30
1991-12-01,51.67,141.52,89.85,1991-12-01,1991-12-01,1991-12-31
1992-01-01,55.29,143.95,88.66,1992-01-01,1992-01-01,1992-01-31
1992-02-01,55.4,138.64,83.24,1992-02-01,1992-02-01,1992-02-29
1992-03-01,58.1,135.65,77.55,1992-03-01,1992-03-01,1992-03-31
1992-04-01,56.56,138.22,81.66,1992-04-01,1992-04-01,1992-04-30
1992-05-01,61.2,137.82,76.62,1992-05-01,1992-05-01,1992-05-31
1992-06-01,58.81,142.28,83.47,1992-06-01,1992-06-01,1992-06-30
1992-07-01,62.6,144.17,81.57,1992-07-01,1992-07-01,1992-07-31
1992-08-01,63.13,144.86,81.73,1992-08-01,1992-08-01,1992-08-31
1992-09-01,60.87,142.93,82.06,1992-09-01,1992-09-01,1992-09-30
1992-10-01,63.7,144.04,80.34,1992-10-01,1992-10-01,1992-10-31
1992-11-01,60.48,143.72,83.24,1992-11-01,1992-11-01,1992-11-30
1992-12-01,55.98,145.11,89.13,1992-12-01,1992-12-01,1992-12-31
1993-01-01,59.94,142.66,82.72,1993-01-01,1993-01-01,1993-01-31
1993-02-01,61.21,141.34,80.13,1993-02-01,1993-02-01,1993-02-28
1993-03-01,60.8,143.87,83.07,1993-03-01,1993-03-01,1993-03-31
1993-04-01,59.91,144.15,84.24,1993-04-01,1993-04-01,1993-04-30
1993-05-01,64.5,145.0,80.5,1993-05-01,1993-05-01,1993-05-31
1993-06-01,59.88,143.21,83.33,1993-06-01,1993-06-01,1993-06-30
1993-07-01,60.64,143.7,83.06,1993-07-01,1993-07-01,1993-07-31
1993-08-01,64.08,141.36,77.28,1993-08-01,1993-08-01,1993-08-31
1993-09-01,64.43,142.9,78.47,1993-09-01,1993-09-01,1993-09-30
1993-10-01,59.84,145.92,86.08,1993-10-01,1993-10-01,1993-10-31
1993-11-01,58.7,144.87,86.17,1993-11-01,1993-11-01,1993-11-30
1993-12-01,56.89,149.09,92.2,1993-12-01,1993-12-01,1993-12-31
1994-01-01,58.35,146.17,87.82,1994-01-01,1994-01-01,1994-01-31
1994-02-01,59.18,146.55,87.37,1994-02-01,1994-02-01,1994-02-28
1994-03-01,63.42,146.09,82.67,1994-03-01,1994-03-01,1994-03-31
1994-04-01,63.38,145.76,82.38,1994-04-01,1994-04-01,1994-04-30
1994-05-01,65.81,146.47,80.66,1994-05-01,1994-05-01,1994-05-31
1994-06-01,62.99,148.66,85.67,1994-06-01,1994-06-01,1994-06-30
1994-07-01,63.9,147.68,83.78,1994-07-01,1994-07-01,1994-07-31
1994-08-01,60.05,144.56,84.51,1994-08-01,1994-08-01,1994-08-31
1994-09-01,61.65,146.53,84.88,1994-09-01,1994-09-01,1994-09-30
1994-10-01,57.82,142.5,84.68,1994-10-01,1994-10-01,1994-10-31
1994-11-01,54.82,140.56,85.74,1994-11-01,1994-11-01,1994-11-30
1994-12-01,55.69,138.69,83.0,1994-12-01,1994-12-01,1994-12-31
1995-01-01,57.26,139.27,82.01,1995-01-01,1995-01-01,1995-01-31
1995-02-01,58.88,141.58,82.7,1995-02-01,1995-02-01,1995-02-28
1995-03-01,58.73,145.45,86.72,1995-03-01,1995-03-01,1995-03-31
1995-04-01,58.52,144.1,85.58,1995-04-01,1995-04-01,1995-04-30
1995-05-01,60.77,143.72,82.95,1995-05-01,1995-05-01,1995-05-31
1995-06-01,61.86,142.6,80.74,1995-06-01,1995-06-01,1995-06-30
1995-07-01,65.56,141.35,75.79,1995-07-01,1995-07-01,1995-07-31
1995-08-01,68.6,142.24,73.64,1995-08-01,1995-08-01,1995-08-31
1995-09-01,67.26,147.52,80.26,1995-09-01,1995-09-01,1995-09-30
1995-10-01,64.05,145.79,81.74,1995-10-01,1995-10-01,1995-10-31
1995-11-01,64.65,150.16,85.51,1995-11-01,1995-11-01,1995-11-30
1995-12-01,62.07,145.32,83.25,1995-12-01,1995-12-01,1995-12-31
1996-01-01,63.45,146.72,83.27,1996-01-01,1996-01-01,1996-01-31
1996-02-01,61.47,149.65,88.18,1996-02-01,1996-02-01,1996-02-29
1996-03-01,59.24,144.5,85.26,1996-03-01,1996-03-01,1996-03-31
1996-04-01,60.62,146.78,86.16,1996-04-01,1996-04-01,1996-04-30
1996-05-01,71.4,149.48,78.08,1996-05-01,1996-05-01,1996-05-31
1996-06-01,71.2,150.92,79.72,1996-06-01,1996-06-01,1996-06-30
1996-07-01,70.02,150.19,80.17,1996-07-01,1996-07-01,1996-07-31
1996-08-01,70.76,152.16,81.4,1996-08-01,1996-08-01,1996-08-31
1996-09-01,69.59,157.79,88.2,1996-09-01,1996-09-01,1996-09-30
1996-10-01,65.7,152.65,86.95,1996-10-01,1996-10-01,1996-10-31
1996-11-01,66.95,151.28,84.33,1996-11-01,1996-11-01,1996-11-30
1996-12-01,62.07,153.96,91.89,1996-12-01,1996-12-01,1996-12-31
1997-01-01,63.57,152.13,88.56,1997-01-01,1997-01-01,1997-01-31
1997-02-01,63.99,152.5,88.51,1997-02-01,1997-02-01,1997-02-28
1997-03-01,62.35,149.02,86.67,1997-03-01,1997-03-01,1997-03-31
1997-04-01,61.5,148.52,87.02,1997-04-01,1997-04-01,1997-04-30
1997-05-01,60.54,151.56,91.02,1997-05-01,1997-05-01,1997-05-31
1997-06-01,63.38,151.54,88.16,1997-06-01,1997-06-01,1997-06-30
1997-07-01,68.9,153.08,84.18,1997-07-01,1997-07-01,1997-07-31
1997-08-01,64.63,149.2,84.57,1997-08-01,1997-08-01,1997-08-31
1997-09-01,59.28,152.32,93.04,1997-09-01,1997-09-01,1997-09-30
1997-10-01,56.44,148.43,91.99,1997-10-01,1997-10-01,1997-10-31
1997-11-01,56.1,151.37,95.27,1997-11-01,1997-11-01,1997-11-30
1997-12-01,52.71,147.91,95.2,1997-12-01,1997-12-01,1997-12-31
1998-01-01,55.76,153.02,97.26,1998-01-01,1998-01-01,1998-01-31
1998-02-01,60.32,150.23,89.91,1998-02-01,1998-02-01,1998-02-28
1998-03-01,61.34,149.93,88.59,1998-03-01,1998-03-01,1998-03-31
1998-04-01,58.36,151.33,92.97,1998-04-01,1998-04-01,1998-04-30
1998-05-01,62.14,151.19,89.05,1998-05-01,1998-05-01,1998-05-31
1998-06-01,65.16,154.7,89.54,1998-06-01,1998-06-01,1998-06-30
1998-07-01,73.56,152.35,78.79,1998-07-01,1998-07-01,1998-07-31
1998-08-01,74.47,156.08,81.61,1998-08-01,1998-08-01,1998-08-31
1998-09-01,71.55,154.43,82.88,1998-09-01,1998-09-01,1998-09-30
1998-10-01,63.69,158.44,94.75,1998-10-01,1998-10-01,1998-10-31
1998-11-01,59.46,157.47,98.01,1998-11-01,1998-11-01,1998-11-30
1998-12-01,56.16,155.64,99.48,1998-12-01,1998-12-01,1998-12-31
1999-01-01,56.08,154.85,98.77,1999-01-01,1999-01-01,1999-01-31
1999-02-01,55.58,153.68,98.1,1999-02-01,1999-02-01,1999-02-28
1999-03-01,52.39,155.45,103.06,1999-03-01,1999-03-01,1999-03-31
1999-04-01,52.45,155.09,102.64,1999-04-01,1999-04-01,1999-04-30
1999-05-01,55.63,151.18,95.55,1999-05-01,1999-05-01,1999-05-31
1999-06-01,56.36,155.08,98.72,1999-06-01,1999-06-01,1999-06-30
1999-07-01,54.09,156.18,102.09,1999-07-01,1999-07-01,1999-07-31
1999-08-01,54.23,154.62,100.39,1999-08-01,1999-08-01,1999-08-31
1999-09-01,56.68333758,155.8780764,99.19473882,1999-09-01,1999-09-01,1999-09-30
1999-10-01,49.7,155.23,105.53,1999-10-01,1999-10-01,1999-10-31
1999-11-01,53.1,156.1,103.0,1999-11-01,1999-11-01,1999-11-30
1999-12-01,52.64,149.5,96.86,1999-12-01,1999-12-01,1999-12-31
2000-01-01,51.27,154.29,103.02,2000-01-01,2000-01-01,2000-01-31
2000-02-01,49.49,150.67,101.18,2000-02-01,2000-02-01,2000-02-29
2000-03-01,51.26,155.21,103.95,2000-03-01,2000-03-01,2000-03-31
2000-04-01,52.12395358,156.2,104.07604642,2000-04-01,2000-04-01,2000-04-30
2000-05-01,48.63178788,156.68,108.04821212,2000-05-01,2000-05-01,2000-05-31
2000-06-01,52.1784828,155.1,102.9215172,2000-06-01,2000-06-01,2000-06-30
2000-07-01,50.42756682,155.82,105.39243318,2000-07-01,2000-07-01,2000-07-31
2000-08-01,51.62057568,158.25,106.62942432,2000-08-01,2000-08-01,2000-08-31
2000-09-01,57.32,156.82,99.5,2000-09-01,2000-09-01,2000-09-30
2000-10-01,60.81,156.25,95.44,2000-10-01,2000-10-01,2000-10-31
2000-11-01,60.27,151.45,91.18,2000-11-01,2000-11-01,2000-11-30
2000-12-01,57.09,157.15,100.06,2000-12-01,2000-12-01,2000-12-31
2001-01-01,51.56,157.25,105.69,2001-01-01,2001-01-01,2001-01-31
2001-02-01,58.99,154.95,95.96,2001-02-01,2001-02-01,2001-02-28
2001-03-01,59.68,155.96,96.28,2001-03-01,2001-03-01,2001-03-31
2001-04-01,60.87,156.55,95.68,2001-04-01,2001-04-01,2001-04-30
2001-05-01,65.29,155.02,89.73,2001-05-01,2001-05-01,2001-05-31
2001-06-01,65.5,154.81,89.31,2001-06-01,2001-06-01,2001-06-30
2001-07-01,65.1,158.5,93.4,2001-07-01,2001-07-01,2001-07-31
2001-08-01,66.54,161.4553566,94.9153566,2001-08-01,2001-08-01,2001-08-31
2001-09-01,68.27164216,157.4859172,89.21427504,2001-09-01,2001-09-01,2001-09-30
2001-10-01,65.07,161.69,96.62,2001-10-01,2001-10-01,2001-10-31
2001-11-01,60.49,159.03,98.54,2001-11-01,2001-11-01,2001-11-30
2001-12-01,57.07,159.85,102.78,2001-12-01,2001-12-01,2001-12-31
2002-01-01,58.87,159.15,100.28,2002-01-01,2002-01-01,2002-01-31
2002-02-01,57.65,161.95,104.3,2002-02-01,2002-02-01,2002-02-28
2002-03-01,56.27,159.37,103.1,2002-03-01,2002-03-01,2002-03-31
2002-04-01,54.18,161.31,107.13,2002-04-01,2002-04-01,2002-04-30
2002-05-01,58.67,159.76,101.09,2002-05-01,2002-05-01,2002-05-31
2002-06-01,59.38,158.93,99.55,2002-06-01,2002-06-01,2002-06-30
2002-07-01,58.41,160.3,101.89,2002-07-01,2002-07-01,2002-07-31
2002-08-01,57.26,163.62,106.36,2002-08-01,2002-08-01,2002-08-31
2002-09-01,56.97,164.52,107.55,2002-09-01,2002-09-01,2002-09-30
2002-10-01,50.67,163.23,112.56,2002-10-01,2002-10-01,2002-10-31
2002-11-01,52.37,165.85,113.48,2002-11-01,2002-11-01,2002-11-30
2002-12-01,50.7,164.2,113.5,2002-12-01,2002-12-01,2002-12-31
2003-01-01,55.55,159.28,103.73,2003-01-01,2003-01-01,2003-01-31
2003-02-01,60.65,157.99,97.34,2003-02-01,2003-02-01,2003-02-28
2003-03-01,60.59,159.92,99.33,2003-03-01,2003-03-01,2003-03-31
2003-04-01,59.64,162.2,102.56,2003-04-01,2003-04-01,2003-04-30
2003-05-01,64.03,160.43,96.4,2003-05-01,2003-05-01,2003-05-31
2003-06-01,66.41,159.224922698348,92.8149226983483,2003-06-01,2003-06-01,2003-06-30
2003-07-01,68.39,162.032345373773,93.6423453737733,2003-07-01,2003-07-01,2003-07-31
2003-08-01,71.96,161.068306885793,89.1083068857933,2003-08-01,2003-08-01,2003-08-31
2003-09-01,72.02,161.131393087117,89.1113930871173,2003-09-01,2003-09-01,2003-09-30
2003-10-01,68.86,164.649967563251,95.7899675632505,2003-10-01,2003-10-01,2003-10-31
2003-11-01,69.44,163.230204609403,93.790204609403,2003-11-01,2003-11-01,2003-11-30
2003-12-01,70.29,164.600239457311,94.3102394573108,2003-12-01,2003-12-01,2003-12-31
2004-01-01,74.03,165.575212246574,91.5452122465735,2004-01-01,2004-01-01,2004-01-31
2004-02-01,79.57,166.569964132559,86.9999641325593,2004-02-01,2004-02-01,2004-02-29
2004-03-01,83.25,166.876984425657,83.6269844256569,2004-03-01,2004-03-01,2004-03-31
2004-04-01,84.75,167.113878020627,82.3638780206268,2004-04-01,2004-04-01,2004-04-30
2004-05-01,87.77,174.274684097624,86.504684097624,2004-05-01,2004-05-01,2004-05-31
2004-06-01,88.58,173.604682812657,85.0246828126572,2004-06-01,2004-06-01,2004-06-30
2004-07-01,86.64,176.184321593399,89.544321593399,2004-07-01,2004-07-01,2004-07-31
2004-08-01,79.65,177.359881214514,97.7098812145138,2004-08-01,2004-08-01,2004-08-31
2004-09-01,69.21,178.279077010989,109.069077010989,2004-09-01,2004-09-01,2004-09-30
2004-10-01,64.57,178.878251065031,114.308251065031,2004-10-01,2004-10-01,2004-10-31
2004-11-01,60.25,173.343936091499,113.093936091499,2004-11-01,2004-11-01,2004-11-30
2004-12-01,62.07,175.332480500917,113.262480500917,2004-12-01,2004-12-01,2004-12-31
2005-01-01,67.56,171.93,104.37,2005-01-01,2005-01-01,2005-01-31
2005-02-01,70.9,173.39,102.49,2005-02-01,2005-02-01,2005-02-28
2005-03-01,69.59,172.09,102.5,2005-03-01,2005-03-01,2005-03-31
2005-04-01,68.73,173.02,104.29,2005-04-01,2005-04-01,2005-04-30
2005-05-01,70.26,172.26,102.0,2005-05-01,2005-05-01,2005-05-31
2005-06-01,71.17,174.35,103.18,2005-06-01,2005-06-01,2005-06-30
2005-07-01,71.77,173.04,101.27,2005-07-01,2005-07-01,2005-07-31
2005-08-01,70.53,174.34,103.81,2005-08-01,2005-08-01,2005-08-31
2005-09-01,73.7,177.52,103.82,2005-09-01,2005-09-01,2005-09-30
2005-10-01,65.43,175.5,110.07,2005-10-01,2005-10-01,2005-10-31
2005-11-01,58.02,178.21,120.19,2005-11-01,2005-11-01,2005-11-30
2005-12-01,54.62,173.18,118.56,2005-12-01,2005-12-01,2005-12-31
2006-01-01,54.89816716,169.52404668342,114.62587952342,2006-01-01,2006-01-01,2006-01-31
2006-02-01,53.18150794,154.1487508,100.96724286,2006-02-01,2006-02-01,2006-02-28
2006-03-01,48.83509032,163.469826095798,114.634735775798,2006-03-01,2006-03-01,2006-03-31
2006-04-01,48.98767598,164.423937851518,115.436261871518,2006-04-01,2006-04-01,2006-04-30
2006-05-01,53.3669066,151.5207012,98.1537946,2006-05-01,2006-05-01,2006-05-31
2006-06-01,57.75349416,149.5857604,91.83226624,2006-06-01,2006-06-01,2006-06-30
2006-07-01,59.21798642,153.3753634,94.15737698,2006-07-01,2006-07-01,2006-07-31
2006-08-01,63.5507227,156.648016,93.0972933,2006-08-01,2006-08-01,2006-08-31
2006-09-01,63.54795314,153.9879392,90.43998606,2006-09-01,2006-09-01,2006-09-30
2006-10-01,56.63776698,154.7133196,98.07555262,2006-10-01,2006-10-01,2006-10-31
2006-11-01,54.66394772,156.9072168,102.24326908,2006-11-01,2006-11-01,2006-11-30
2006-12-01,60.69173094,156.4838386,95.79210766,2006-12-01,2006-12-01,2006-12-31
2007-01-01,67.59721172,154.1575298,86.56031808,2007-01-01,2007-01-01,2007-01-31
2007-02-01,74.31942428,161.4163292,87.09690492,2007-02-01,2007-02-01,2007-02-28
2007-03-01,77.36929086,162.1404408,84.77114994,2007-03-01,2007-03-01,2007-03-31
2007-04-01,79.4653863,165.1371132,85.6717269,2007-04-01,2007-04-01,2007-04-30
2007-05-01,83.3813916,165.6846044,82.3032128,2007-05-01,2007-05-01,2007-05-31
2007-06-01,82.52330632,165.2659174,82.74261108,2007-06-01,2007-06-01,2007-06-30
2007-07-01,81.6803329,170.139357,88.4590241,2007-07-01,2007-07-01,2007-07-31
2007-08-01,81.3986971,167.351711,85.9530139,2007-08-01,2007-08-01,2007-08-31
2007-09-01,77.50753444,166.6265962,89.11906176,2007-09-01,2007-09-01,2007-09-30
2007-10-01,68.16195838,165.1841226,97.02216422,2007-10-01,2007-10-01,2007-10-31
2007-11-01,71.72536468,168.944759,97.21939432,2007-11-01,2007-11-01,2007-11-30
2007-12-01,69.55171616,169.28747,99.73575384,2007-12-01,2007-12-01,2007-12-31
2008-01-01,72.96069574,169.4171036,96.45640786,2008-01-01,2008-01-01,2008-01-31
2008-02-01,75.65560762,172.7571058,97.10149818,2008-02-01,2008-02-01,2008-02-29
2008-03-01,71.75111782,173.168554,101.41743618,2008-03-01,2008-03-01,2008-03-31
2008-04-01,68.9349185,173.2424176,104.3074991,2008-04-01,2008-04-01,2008-04-30
2008-05-01,73.12473514,174.1240584,100.99932326,2008-05-01,2008-05-01,2008-05-31
2008-06-01,72.31191592,176.2918898,103.97997388,2008-06-01,2008-06-01,2008-06-30
2008-07-01,72.69321756,175.511135,102.81791744,2008-07-01,2008-07-01,2008-07-31
2008-08-01,71.91577508,174.1379356,102.22216052,2008-08-01,2008-08-01,2008-08-31
2008-09-01,67.58610586,175.6414158,108.05530994,2008-09-01,2008-09-01,2008-09-30
2008-10-01,70.24448,174.005199,103.760719,2008-10-01,2008-10-01,2008-10-31
2008-11-01,69.68308,179.3128816,109.6298016,2008-11-01,2008-11-01,2008-11-30
2008-12-01,67.087072,178.110772,111.0237,2008-12-01,2008-12-01,2008-12-31
2009-01-01,75.022568,183.6631846,108.6406166,2009-01-01,2009-01-01,2009-01-31
2009-02-01,75.45672,180.160637,104.703917,2009-02-01,2009-02-01,2009-02-28
2009-03-01,76.171216,171.5518214,95.3806054,2009-03-01,2009-03-01,2009-03-31
2009-04-01,76.919016,181.6935954,104.7745794,2009-04-01,2009-04-01,2009-04-30
2009-05-01,80.980736,185.6795232,104.6987872,2009-05-01,2009-05-01,2009-05-31
2009-06-01,82.590784,182.5495194,99.9587354,2009-06-01,2009-06-01,2009-06-30
2009-07-01,79.157272,174.8797508,95.7224788,2009-07-01,2009-07-01,2009-07-31
2009-08-01,76.13232,176.9175078,100.7851878,2009-08-01,2009-08-01,2009-08-31
2009-09-01,71.617144,176.0476656,104.4305216,2009-09-01,2009-09-01,2009-09-30
2009-10-01,70.249048,173.456788,103.20774,2009-10-01,2009-10-01,2009-10-31
2009-11-01,69.789128,174.3157924,104.5266644,2009-11-01,2009-11-01,2009-11-30
2009-12-01,71.877776,174.6797494,102.8019734,2009-12-01,2009-12-01,2009-12-31
2010-01-01,74.581456,173.0778786,98.4964226,2010-01-01,2010-01-01,2010-01-31
2010-02-01,73.291648,173.0267814,99.7351334,2010-02-01,2010-02-01,2010-02-28
2010-03-01,74.99928,167.803967,92.804687,2010-03-01,2010-03-01,2010-03-31
2010-04-01,75.507752,165.2834544,89.7757024,2010-04-01,2010-04-01,2010-04-30
2010-05-01,77.23232,175.4540298,98.2217098,2010-05-01,2010-05-01,2010-05-31
2010-06-01,75.934456,176.6493428,100.7148868,2010-06-01,2010-06-01,2010-06-30
2010-07-01,76.296184,178.5128844,102.2167004,2010-07-01,2010-07-01,2010-07-31
2010-08-01,78.192768,174.6585698,96.4658018,2010-08-01,2010-08-01,2010-08-31
2010-09-01,78.134584,178.5718902,100.4373062,2010-09-01,2010-09-01,2010-09-30
2010-10-01,72.116304,180.0262006,107.9098966,2010-10-01,2010-10-01,2010-10-31
2010-11-01,68.60464,181.761359,113.156719,2010-11-01,2010-11-01,2010-11-30
2010-12-01,66.9352,178.5278312,111.5926312,2010-12-01,2010-12-01,2010-12-31
2011-01-01,67.284936,175.7709138,108.4859778,2011-01-01,2011-01-01,2011-01-31
2011-02-01,66.385104,177.5734544,111.1883504,2011-02-01,2011-02-01,2011-02-28
2011-03-01,71.990432,178.508172,106.51774,2011-03-01,2011-03-01,2011-03-31
2011-04-01,72.616904,174.4091004,101.7921964,2011-04-01,2011-04-01,2011-04-30
2011-05-01,72.684168,170.066244,97.382076,2011-05-01,2011-05-01,2011-05-31
2011-06-01,71.800312,175.520283,103.719971,2011-06-01,2011-06-01,2011-06-30
2011-07-01,70.626112,174.0359222,103.4098102,2011-07-01,2011-07-01,2011-07-31
2011-08-01,72.591744,178.728915,106.137171,2011-08-01,2011-08-01,2011-08-31
2011-09-01,73.960392,176.7019294,102.7415374,2011-09-01,2011-09-01,2011-09-30
2011-10-01,71.185856,180.7178794,109.5320234,2011-10-01,2011-10-01,2011-10-31
2011-11-01,71.633752,179.334259,107.700507,2011-11-01,2011-11-01,2011-11-30
2011-12-01,74.73756,179.315310626775,104.577750626775,2011-12-01,2011-12-01,2011-12-31
2012-01-01,81.416632,185.472459267163,104.055827267163,2012-01-01,2012-01-01,2012-01-31
2012-02-01,83.149,182.670133533498,99.5211335334982,2012-02-01,2012-02-01,2012-02-29
2012-03-01,85.888912,190.42021230268,104.53130030268,2012-03-01,2012-03-01,2012-03-31
2012-04-01,83.065248,188.664984253312,105.599736253312,2012-04-01,2012-04-01,2012-04-30
2012-05-01,89.220312,186.897146932127,97.6768349321265,2012-05-01,2012-05-01,2012-05-31
2012-06-01,83.287344,191.021810102725,107.734466102725,2012-06-01,2012-06-01,2012-06-30
2012-07-01,81.947048,192.088897492728,110.141849492728,2012-07-01,2012-07-01,2012-07-31
2012-08-01,85.124112,190.615099781845,105.490987781845,2012-08-01,2012-08-01,2012-08-31
2012-09-01,82.764752,185.55337332995,102.78862132995,2012-09-01,2012-09-01,2012-09-30
2012-10-01,83.654912,186.965164180757,103.310252180757,2012-10-01,2012-10-01,2012-10-31
2012-11-01,84.080216,193.484690745001,109.404474745001,2012-11-01,2012-11-01,2012-11-30
2012-12-01,90.720952,197.147871314561,106.426919314561,2012-12-01,2012-12-01,2012-12-31
2013-01-01,92.206432,193.95554339543,101.74911139543,2013-01-01,2013-01-01,2013-01-31
2013-02-01,90.258968,194.785893096294,104.526925096294,2013-02-01,2013-02-01,2013-02-28
2013-03-01,91.655144,189.995113958636,98.3399699586359,2013-03-01,2013-03-01,2013-03-31
2013-04-01,90.738344,191.241723111961,100.503379111961,2013-04-01,2013-04-01,2013-04-30
2013-05-01,96.29592,194.708736505108,98.4128165051079,2013-05-01,2013-05-01,2013-05-31
2013-06-01,96.017712,199.188666778058,103.170954778058,2013-06-01,2013-06-01,2013-06-30
2013-07-01,93.60156,197.586795406466,103.985235406466,2013-07-01,2013-07-01,2013-07-31
2013-08-01,92.051496,200.207027051269,108.155531051269,2013-08-01,2013-08-01,2013-08-31
2013-09-01,88.63252,200.549237940742,111.916717940742,2013-09-01,2013-09-01,2013-09-30
2013-10-01,80.3716,203.097528417285,122.725928417285,2013-10-01,2013-10-01,2013-10-31
2013-11-01,74.77368,195.574910968511,120.801230968511,2013-11-01,2013-11-01,2013-11-30
2013-12-01,73.050912,196.707246778341,123.656334778342,2013-12-01,2013-12-01,2013-12-31
2014-01-01,74.935904,193.841928425394,118.906024425394,2014-01-01,2014-01-01,2014-01-31
2014-02-01,75.612016,195.294023686247,119.682007686247,2014-02-01,2014-02-01,2014-02-28
2014-03-01,79.85368,194.729807421684,114.876127421684,2014-03-01,2014-03-01,2014-03-31
2014-04-01,85.90756,192.907863806749,107.000303806749,2014-04-01,2014-04-01,2014-04-30
2014-05-01,90.424832,194.61366934358,104.18883734358,2014-05-01,2014-05-01,2014-05-31
2014-06-01,92.893544,194.857753804384,101.964209804384,2014-06-01,2014-06-01,2014-06-30
2014-07-01,94.030216,195.589074164657,101.558858164657,2014-07-01,2014-07-01,2014-07-31
2014-08-01,92.249984,197.044680350667,104.794696350667,2014-08-01,2014-08-01,2014-08-31
2014-09-01,92.346936,197.123507917038,104.776571917038,2014-09-01,2014-09-01,2014-09-30
2014-10-01,90.403608,198.986816421706,108.583208421706,2014-10-01,2014-10-01,2014-10-31
2014-11-01,87.906176,200.79913387223,112.89295787223,2014-11-01,2014-11-01,2014-11-30
2014-12-01,86.087896,199.433797961797,113.345901961797,2014-12-01,2014-12-01,2014-12-31
2015-01-01,87.9496,197.842341953172,109.892741953172,2015-01-01,2015-01-01,2015-01-31
2015-02-01,86.184552,197.796222590227,111.611670590227,2015-02-01,2015-02-01,2015-02-28
2015-03-01,85.781784,198.729136770233,112.947352770233,2015-03-01,2015-03-01,2015-03-31
2015-04-01,84.81892,199.733342665093,114.914422665093,2015-04-01,2015-04-01,2015-04-30
2015-05-01,85.555152,193.183912017407,107.628760017407,2015-05-01,2015-05-01,2015-05-31
2015-06-01,83.990376,198.692764518882,114.702388518882,2015-06-01,2015-06-01,2015-06-30
2015-07-01,78.4968,196.334491509052,117.837691509052,2015-07-01,2015-07-01,2015-07-31
2015-08-01,72.561232,196.029247796208,123.468015796208,2015-08-01,2015-08-01,2015-08-31
2015-09-01,69.345792,194.99827757768,125.65248557768,2015-09-01,2015-09-01,2015-09-30
2015-10-01,65.523248,196.538951607338,131.015703607338,2015-10-01,2015-10-01,2015-10-31
2015-11-01,63.536568,196.985538424661,133.448970424661,2015-11-01,2015-11-01,2015-11-30
2015-12-01,64.158168,193.14616632087,128.98799832087,2015-12-01,2015-12-01,2015-12-31
2016-01-01,67.663504,192.66047089575,124.99696689575,2016-01-01,2016-01-01,2016-01-31
2016-02-01,67.413848,187.421060859499,120.007212859499,2016-02-01,2016-02-01,2016-02-29
2016-03-01,69.5224,188.725939044871,119.203539044871,2016-03-01,2016-03-01,2016-03-31
2016-04-01,74.143808,192.131098067108,117.987290067108,2016-04-01,2016-04-01,2016-04-30
2016-05-01,77.452248,189.806227783356,112.353979783356,2016-05-01,2016-05-01,2016-05-31
2016-06-01,76.892064,191.54746778014,114.65540378014,2016-06-01,2016-06-01,2016-06-30
2016-07-01,75.725144,189.916101395763,114.190957395763,2016-07-01,2016-07-01,2016-07-31
2016-08-01,74.015496,191.13384253491,117.11834653491,2016-08-01,2016-08-01,2016-08-31
2016-09-01,75.927792,190.822404856261,114.894612856262,2016-09-01,2016-09-01,2016-09-30
2016-10-01,74.094032,189.309080813747,115.215048813747,2016-10-01,2016-10-01,2016-10-31
2016-11-01,74.890264,189.40551288703,114.51524888703,2016-11-01,2016-11-01,2016-11-30
2016-12-01,76.695904,183.831393951005,107.135489951005,2016-12-01,2016-12-01,2016-12-31
2017-01-01,77.333424,186.066406798929,108.732982798929,2017-01-01,2017-01-01,2017-01-31
2017-02-01,77.599792,187.159264948333,109.559472948333,2017-02-01,2017-02-01,2017-02-28
2017-03-01,83.396312,187.817986732238,104.421674732238,2017-03-01,2017-03-01,2017-03-31
2017-04-01,88.804808,188.652272009137,99.8474640091372,2017-04-01,2017-04-01,2017-04-30
2017-05-01,94.475288,187.694182381629,93.218894381629,2017-05-01,2017-05-01,2017-05-31
2017-06-01,98.229936,186.784396497238,88.5544604972381,2017-06-01,2017-06-01,2017-06-30
2017-07-01,99.144464,186.315469450375,87.1710054503747,2017-07-01,2017-07-01,2017-07-31
2017-08-01,94.68312,188.564348518199,93.8812285181986,2017-08-01,2017-08-01,2017-08-31
2017-09-01,86.02968,187.421600321248,101.391920321248,2017-09-01,2017-09-01,2017-09-30
2017-10-01,78.9474,187.428896084381,108.481496084381,2017-10-01,2017-10-01,2017-10-31
2017-11-01,76.54128,187.147795618612,110.606515618612,2017-11-01,2017-11-01,2017-11-30
2017-12-01,79.249072,189.726883915999,110.477811915999,2017-12-01,2017-12-01,2017-12-31
2018-01-01,79.371936,181.710860910118,102.338924910118,2018-01-01,2018-01-01,2018-01-31
2018-02-01,80.867624,186.051022709124,105.183398709124,2018-02-01,2018-02-01,2018-02-28
2018-03-01,83.336552,186.711870353977,103.375318353977,2018-03-01,2018-03-01,2018-03-31
2018-04-01,85.095656,189.987831001879,104.892175001879,2018-04-01,2018-04-01,2018-04-30
2018-05-01,87.028808,189.228647249475,102.199839249475,2018-05-01,2018-05-01,2018-05-31
2018-06-01,87.67996,188.417319811687,100.737359811687,2018-06-01,2018-06-01,2018-06-30
2018-07-01,85.573256,189.195323858573,103.622067858573,2018-07-01,2018-07-01,2018-07-31
2018-08-01,76.355584,188.406947958964,112.051363958964,2018-08-01,2018-08-01,2018-08-31
2018-09-01,73.171008,186.400159248981,113.229151248981,2018-09-01,2018-09-01,2018-09-30
2018-10-01,71.343048,188.914593625299,117.571545625299,2018-10-01,2018-10-01,2018-10-31
2018-11-01,69.9982,185.326153165534,115.327953165534,2018-11-01,2018-11-01,2018-11-30
2018-12-01,71.255864,187.077571357876,115.821707357876,2018-12-01,2018-12-01,2018-12-31
2019-01-01,77.5246,185.189056916355,107.664456916355,2019-01-01,2019-01-01,2019-01-31
2019-02-01,76.77436,187.562168442905,110.787808442905,2019-02-01,2019-02-01,2019-02-28
2019-03-01,79.526976,185.471513770449,105.944537770449,2019-03-01,2019-03-01,2019-03-31
2019-04-01,81.667976,188.393141143791,106.725165143791,2019-04-01,2019-04-01,2019-04-30
2019-05-01,82.244816,188.499577805661,106.254761805661,2019-05-01,2019-05-01,2019-05-31
2019-06-01,82.409472,187.613849412492,105.204377412492,2019-06-01,2019-06-01,2019-06-30
2019-07-01,82.059784,187.320158979241,105.260374979241,2019-07-01,2019-07-01,2019-07-31
2019-08-01,77.828024,186.45916895802,108.63114495802,2019-08-01,2019-08-01,2019-08-31
2019-09-01,73.459472,186.104476176997,112.645004176997,2019-09-01,2019-09-01,2019-09-30
2019-10-01,69.819928,187.929038730795,118.109110730795,2019-10-01,2019-10-01,2019-10-31
2019-11-01,68.1326,189.518629293928,121.386029293928,2019-11-01,2019-11-01,2019-11-30
2019-12-01,69.691096,191.770022422534,122.078926422534,2019-12-01,2019-12-01,2019-12-31
2020-01-01,71.331888,187.030936968583,115.699048968583,2020-01-01,2020-01-01,2020-01-31
2020-02-01,69.291544,188.2372623333,118.9457183333,2020-02-01,2020-02-01,2020-02-29
2020-03-01,71.214968,192.790680090807,121.575712090807,2020-03-01,2020-03-01,2020-03-31
2020-04-01,63.179624,203.092243038219,139.912619038219,2020-04-01,2020-04-01,2020-04-30
2020-05-01,68.275792,204.497048157904,136.221256157904,2020-05-01,2020-05-01,2020-05-31
2020-06-01,68.676376,207.882678481534,139.206302481534,2020-06-01,2020-06-01,2020-06-30
2020-07-01,67.097024,203.244749463861,136.147725463861,2020-07-01,2020-07-01,2020-07-31
2020-08-01,65.882336,201.04705417446,135.16471817446,2020-08-01,2020-08-01,2020-08-31
2020-09-01,62.607936,200.1160561716,137.5081201716,2020-09-01,2020-09-01,2020-09-30
2020-10-01,63.176216,199.853331648476,136.677115648476,2020-10-01,2020-10-01,2020-10-31
2020-11-01,66.30412,201.686942515756,135.382822515756,2020-11-01,2020-11-01,2020-11-30
2020-12-01,67.235296,200.693534232004,133.458238232004,2020-12-01,2020-12-01,2020-12-31
2021-01-01,68.376432,202.846956998092,134.470524998092,2021-01-01,2021-01-01,2021-01-31
2021-02-01,72.59148,199.012017022978,126.420537022978,2021-02-01,2021-02-01,2021-02-28
2021-03-01,76.898664,200.645387887115,123.746723887115,2021-03-01,2021-03-01,2021-03-31
2021-04-01,87.509496,201.874646378665,114.365150378665,2021-04-01,2021-04-01,2021-04-30
2021-05-01,94.735936,204.11241612211,109.37648012211,2021-05-01,2021-05-01,2021-05-31
2021-06-01,93.055992,205.642655871087,112.586663871087,2021-06-01,2021-06-01,2021-06-30
2021-07-01,90.66208,208.178325796027,117.516245796027,2021-07-01,2021-07-01,2021-07-31
2021-08-01,90.166056,214.868321360033,124.702265360033,2021-08-01,2021-08-01,2021-08-31
2021-09-01,89.663232,216.121921844424,126.458689844424,2021-09-01,2021-09-01,2021-09-30
2021-10-01,86.595696,217.360424426863,130.764728426863,2021-10-01,2021-10-01,2021-10-31
2021-11-01,85.172352,221.037033719168,135.864681719168,2021-11-01,2021-11-01,2021-11-30
2021-12-01,88.882456,221.5509621428,132.6685061428,2021-12-01,2021-12-01,2021-12-31
2022-01-01,90.918192,221.666726054699,130.748534054699,2022-01-01,2022-01-01,2022-01-31
2022-02-01,91.449792,226.952458639737,135.502666639737,2022-02-01,2022-02-01,2022-02-28
2022-03-01,100.798536,231.657030108883,130.858494108883,2022-03-01,2022-03-01,2022-03-31
2022-04-01,113.090808,239.303742518709,126.212934518709,2022-04-01,2022-04-01,2022-04-30
2022-05-01,125.75624,242.186901872479,116.430661872479,2022-05-01,2022-05-01,2022-05-31
2022-06-01,128.949176,245.441707217413,116.492531217413,2022-06-01,2022-06-01,2022-06-30
2022-07-01,123.096,245.319882080533,122.223882080533,2022-07-01,2022-07-01,2022-07-31
2022-08-01,114.090768,254.166955760503,140.076187760503,2022-08-01,2022-08-01,2022-08-31
2022-09-01,111.981566,254.173933287431,142.192367287431,2022-09-01,2022-09-01,2022-09-30
2022-10-01,103.897944,253.519871143702,149.621927143702,2022-10-01,2022-10-01,2022-10-31
2022-11-01,89.6160752,252.104074862977,162.487999662977,2022-11-01,2022-11-01,2022-11-30
2022-12-01,84.32966,247.02711126286,162.69745126286,2022-12-01,2022-12-01,2022-12-31
2023-01-01,83.838316,242.334120008082,158.495804008082,2023-01-01,2023-01-01,2023-01-31
2023-02-01,88.472318,241.666462426704,153.194144426704,2023-02-01,2023-02-01,2023-02-28
2023-03-01,93.8711888,241.546129664209,147.674940864209,2023-03-01,2023-03-01,2023-03-31
2023-04-01,97.21999,246.135333677844,148.915343677844,2023-04-01,2023-04-01,2023-04-30
2023-05-01,96.7402816,245.386133126834,148.645851526834,2023-05-01,2023-05-01,2023-05-31
2023-06-01,94.759304,250.39453590573,155.63523190573,2023-06-01,2023-06-01,2023-06-30
2023-07-01,91.615102,250.149395073567,158.534293073567,2023-07-01,2023-07-01,2023-07-31
2023-08-01,92.8447648,252.587533001156,159.742768201156,2023-08-01,2023-08-01,2023-08-31
2023-09-01,96.0405,246.162284130495,150.121784130495,2023-09-01,2023-09-01,2023-09-30
2023-10-01,93.897508,247.639569987472,153.742061987472,2023-10-01,2023-10-01,2023-10-31
2023-11-01,92.3662032,243.691939648209,151.325736448209,2023-11-01,2023-11-01,2023-11-30
2023-12-01,94.600368,244.235446852391,149.635078852391,2023-12-01,2023-12-01,2023-12-31
2024-01-01,,242.350564006333,,2024-01-01,2024-01-01,2024-01-31
2024-02-01,,237.414961146284,,2024-02-01,2024-02-01,2024-02-29
2024-03-01,,243.267957494361,,2024-03-01,2024-03-01,2024-03-31
2024-04-01,,241.076619580479,,2024-04-01,2024-04-01,2024-04-30
